Model,Peak,Trough,Recovery,Depth,DD Days,Rec Days
Jump,2020-02-19,2020-03-19,2020-07-15,-16.9%,29,118
Jump,2020-09-02,2020-09-23,2020-10-12,-8.4%,21,19
Jump,2020-10-12,2020-10-30,2020-11-05,-6.2%,18,6
Jump,2021-02-09,2021-03-04,2021-03-15,-6.2%,23,11
Jump,2021-03-15,2021-03-24,2021-04-15,-5.4%,9,22
Jump,2021-04-28,2021-05-12,2021-06-01,-5.1%,14,20
Jump,2022-01-03,2022-11-03,2024-07-16,-29.7%,304,621
Jump,2024-07-16,2024-08-07,2024-08-19,-6.2%,22,12
Jump,2025-02-19,2025-04-08,2025-05-19,-10.5%,48,41
