Date,PX_LAST
2006-10-12,8.49
2006-10-13,8.5833
2006-10-16,8.6433
2006-10-17,8.5867
2006-10-18,8.5233
2006-10-19,8.57
2006-10-20,8.4767
2006-10-23,8.54
2006-10-24,8.4633
2006-10-25,8.5267
2006-10-26,8.5667
2006-10-27,8.5
2006-10-30,
2006-10-31,8.5167
2006-11-01,8.34
2006-11-02,8.3267
2006-11-03,8.34
2006-11-06,8.49
2006-11-07,8.5567
2006-11-08,8.58
2006-11-09,8.58
2006-11-10,8.5467
2006-11-13,8.63
2006-11-14,8.73
2006-11-15,8.7733
2006-11-16,8.7667
2006-11-17,8.7
2006-11-20,8.7167
2006-11-21,8.7267
2006-11-22,8.79
2006-11-24,8.7233
2006-11-27,8.5367
2006-11-28,8.5567
2006-11-29,8.61
2006-11-30,8.66
2006-12-01,8.5667
2006-12-04,8.76
2006-12-05,8.7733
2006-12-06,8.76
2006-12-07,8.69
2006-12-08,8.7
2006-12-11,8.6967
2006-12-12,8.6567
2006-12-13,8.6633
2006-12-14,8.7567
2006-12-15,8.7333
2006-12-18,8.6633
2006-12-19,8.66
2006-12-20,8.68
2006-12-21,8.6133
2006-12-22,8.56
2006-12-26,8.6133
2006-12-27,8.7167
2006-12-28,8.7033
2006-12-29,8.6233
2007-01-03,8.61
2007-01-04,8.7333
2007-01-05,8.6133
2007-01-08,8.65
2007-01-09,8.6633
2007-01-10,8.6933
2007-01-11,8.7633
2007-01-12,8.79
2007-01-16,8.7767
2007-01-17,8.75
2007-01-18,8.5667
2007-01-19,8.5567
2007-01-22,8.5067
2007-01-23,8.56
2007-01-24,8.7133
2007-01-25,8.5833
2007-01-26,8.6333
2007-01-29,8.63
2007-01-30,8.7
2007-01-31,8.7067
2007-02-01,8.76
2007-02-02,8.803
2007-02-05,8.8267
2007-02-06,8.83
2007-02-07,8.9267
2007-02-08,8.9233
2007-02-09,8.81
2007-02-12,8.7733
2007-02-13,8.81
2007-02-14,8.9367
2007-02-15,8.9567
2007-02-16,8.9233
2007-02-20,8.9967
2007-02-21,9.01
2007-02-22,9.04
2007-02-23,9.0233
2007-02-26,8.9833
2007-02-27,8.6567
2007-02-28,8.6467
2007-03-01,8.6467
2007-03-02,8.5367
2007-03-05,8.44
2007-03-06,8.6167
2007-03-07,8.58
2007-03-08,8.6233
2007-03-09,8.6367
2007-03-12,8.72
2007-03-13,8.5967
2007-03-14,8.6333
2007-03-15,8.6833
2007-03-16,8.67
2007-03-19,8.7713
2007-03-20,8.7933
2007-03-21,8.92
2007-03-22,8.9267
2007-03-23,8.9733
2007-03-26,8.96
2007-03-27,8.9233
2007-03-28,8.84
2007-03-29,8.8067
2007-03-30,8.8333
2007-04-02,8.9033
2007-04-03,9.01
2007-04-04,9.0267
2007-04-05,9.0733
2007-04-09,9.0733
2007-04-10,9.0733
2007-04-11,9.01
2007-04-12,9.0767
2007-04-13,9.1033
2007-04-16,9.1833
2007-04-17,9.1967
2007-04-18,9.1567
2007-04-19,9.0753
2007-04-20,9.1967
2007-04-23,9.2033
2007-04-24,9.1933
2007-04-25,9.2252
2007-04-26,9.3267
2007-04-27,9.3967
2007-04-30,9.2933
2007-05-01,9.2933
2007-05-02,9.3567
2007-05-03,9.4067
2007-05-04,9.4067
2007-05-07,9.45
2007-05-08,9.42
2007-05-09,9.4833
2007-05-10,9.3267
2007-05-11,9.4167
2007-05-14,9.3467
2007-05-15,9.2833
2007-05-16,9.3167
2007-05-17,9.3733
2007-05-18,9.4533
2007-05-21,9.5067
2007-05-22,9.5733
2007-05-23,9.55
2007-05-24,9.3333
2007-05-25,9.4267
2007-05-29,9.5367
2007-05-30,9.5967
2007-05-31,9.6567
2007-06-01,9.68
2007-06-04,9.6733
2007-06-05,9.62
2007-06-06,9.58
2007-06-07,9.3967
2007-06-08,9.4833
2007-06-11,9.5033
2007-06-12,9.41
2007-06-13,9.4933
2007-06-14,9.5267
2007-06-15,9.6
2007-06-18,9.5667
2007-06-19,9.62
2007-06-20,9.56
2007-06-21,9.5533
2007-06-22,9.4767
2007-06-25,9.4067
2007-06-26,9.4433
2007-06-27,9.5567
2007-06-28,9.59
2007-06-29,9.5633
2007-07-02,9.61
2007-07-03,9.69
2007-07-05,9.69
2007-07-06,9.7367
2007-07-09,9.75
2007-07-10,9.6167
2007-07-11,9.6373
2007-07-12,9.8167
2007-07-13,9.8167
2007-07-16,9.77
2007-07-17,9.8267
2007-07-18,9.77
2007-07-19,9.8733
2007-07-20,9.7767
2007-07-23,9.7867
2007-07-24,9.5933
2007-07-25,9.5433
2007-07-26,9.36
2007-07-27,9.1067
2007-07-30,9.22
2007-07-31,9.0667
2007-08-01,9.0933
2007-08-02,9.16
2007-08-03,8.8533
2007-08-06,8.9467
2007-08-07,8.91
2007-08-08,8.9133
2007-08-09,8.6067
2007-08-10,8.8767
2007-08-13,8.9767
2007-08-14,8.8
2007-08-15,8.75
2007-08-16,8.68
2007-08-17,8.88
2007-08-20,8.8467
2007-08-21,8.9233
2007-08-22,9.0467
2007-08-23,8.9833
2007-08-24,9.08
2007-08-27,8.9967
2007-08-28,8.7933
2007-08-29,8.9767
2007-08-30,9.0
2007-08-31,9.1333
2007-09-04,9.2067
2007-09-05,9.0867
2007-09-06,9.12
2007-09-07,8.9367
2007-09-10,8.92
2007-09-11,9.0333
2007-09-12,9.0367
2007-09-13,9.0
2007-09-14,9.0
2007-09-17,8.97
2007-09-18,9.1233
2007-09-19,9.2733
2007-09-20,9.27
2007-09-21,9.27
2007-09-24,9.18
2007-09-25,9.2433
2007-09-26,9.27
2007-09-27,9.3067
2007-09-28,9.2137
2007-10-01,9.4033
2007-10-02,9.4674
2007-10-03,9.3967
2007-10-04,9.46
2007-10-05,9.6004
2007-10-08,9.6
2007-10-09,9.6367
2007-10-10,9.6867
2007-10-11,9.5267
2007-10-12,9.6783
2007-10-15,9.6533
2007-10-16,9.5675
2007-10-17,9.6533
2007-10-18,9.6395
2007-10-19,9.4167
2007-10-22,9.48
2007-10-23,9.5433
2007-10-24,9.37
2007-10-25,9.3
2007-10-26,9.5067
2007-10-29,9.55
2007-10-30,9.5
2007-10-31,9.65
2007-11-01,9.4433
2007-11-02,9.4733
2007-11-05,9.42
2007-11-06,9.5133
2007-11-07,9.3033
2007-11-08,9.14
2007-11-09,8.9567
2007-11-12,8.9333
2007-11-13,9.16
2007-11-14,9.1433
2007-11-15,9.0267
2007-11-16,9.1133
2007-11-19,8.9867
2007-11-20,8.8567
2007-11-21,8.7933
2007-11-23,8.8333
2007-11-26,8.73
2007-11-27,8.89
2007-11-28,9.22
2007-11-29,9.16
2007-11-30,9.15
2007-12-03,9.0867
2007-12-04,9.0833
2007-12-05,9.1934
2007-12-06,9.2933
2007-12-07,9.29
2007-12-10,9.32
2007-12-11,9.1567
2007-12-12,9.2433
2007-12-13,9.22
2007-12-14,9.1167
2007-12-17,8.9567
2007-12-18,8.9467
2007-12-19,8.98
2007-12-20,9.0833
2007-12-21,9.2267
2007-12-24,9.2967
2007-12-26,9.3
2007-12-27,9.1633
2007-12-28,9.1533
2007-12-31,9.0767
2008-01-02,8.8433
2008-01-03,8.77
2008-01-04,8.4033
2008-01-07,8.3133
2008-01-08,8.13
2008-01-09,8.1567
2008-01-10,8.1867
2008-01-11,8.0367
2008-01-14,8.15
2008-01-15,7.96
2008-01-16,7.8867
2008-01-17,7.6934
2008-01-18,7.7667
2008-01-22,7.6833
2008-01-23,7.7333
2008-01-24,7.93
2008-01-25,7.7667
2008-01-28,7.87
2008-01-29,7.9333
2008-01-30,7.8767
2008-01-31,7.8833
2008-02-01,8.1667
2008-02-04,8.1033
2008-02-05,7.8767
2008-02-06,7.7067
2008-02-07,7.76
2008-02-08,7.8533
2008-02-11,7.9033
2008-02-12,7.8566
2008-02-13,8.06
2008-02-14,7.89
2008-02-15,7.8367
2008-02-19,7.7867
2008-02-20,7.9267
2008-02-21,7.88
2008-02-22,7.8833
2008-02-25,7.9767
2008-02-26,8.1033
2008-02-27,8.1167
2008-02-28,7.98
2008-02-29,7.83
2008-03-03,7.7367
2008-03-04,7.7567
2008-03-05,7.8
2008-03-06,7.6667
2008-03-07,7.66
2008-03-10,7.5993
2008-03-11,7.7333
2008-03-12,7.73
2008-03-13,7.78
2008-03-14,7.6733
2008-03-17,7.59
2008-03-18,7.8167
2008-03-19,7.64
2008-03-20,7.72
2008-03-24,7.9533
2008-03-25,7.9633
2008-03-26,7.91
2008-03-27,7.77
2008-03-28,7.7012
2008-03-31,7.79
2008-04-01,8.04
2008-04-02,8.0667
2008-04-03,8.1233
2008-04-04,8.0768
2008-04-07,8.02
2008-04-08,7.9767
2008-04-09,7.8867
2008-04-10,7.9867
2008-04-11,7.7933
2008-04-14,7.78
2008-04-15,7.7633
2008-04-16,8.02
2008-04-17,8.03
2008-04-18,8.2167
2008-04-21,8.2433
2008-04-22,8.0533
2008-04-23,8.1767
2008-04-24,8.2967
2008-04-25,8.3
2008-04-28,8.3467
2008-04-29,8.339
2008-04-30,8.2573
2008-05-01,8.52
2008-05-02,8.4983
2008-05-05,8.46
2008-05-06,8.5667
2008-05-07,8.4267
2008-05-08,8.4867
2008-05-09,8.4643
2008-05-12,8.5817
2008-05-13,8.6467
2008-05-14,8.6767
2008-05-15,8.8
2008-05-16,8.8433
2008-05-19,8.7933
2008-05-20,8.6967
2008-05-21,8.58
2008-05-22,8.6067
2008-05-23,8.59
2008-05-27,8.7433
2008-05-28,8.8167
2008-05-29,8.8747
2008-05-30,8.9167
2008-06-02,8.6917
2008-06-03,8.7567
2008-06-04,8.8167
2008-06-05,8.972
2008-06-06,8.74
2008-06-09,8.72
2008-06-10,8.6733
2008-06-11,8.5033
2008-06-12,8.52
2008-06-13,8.6867
2008-06-16,8.7899
2008-06-17,8.7633
2008-06-18,8.67
2008-06-19,8.7867
2008-06-20,8.5775
2008-06-23,8.5733
2008-06-24,8.4392
2008-06-25,8.5467
2008-06-26,8.28
2008-06-27,8.19
2008-06-30,8.111
2008-07-01,8.119
2008-07-02,7.9667
2008-07-03,7.91
2008-07-07,7.94
2008-07-08,8.0133
2008-07-09,7.9166
2008-07-10,7.8933
2008-07-11,7.8833
2008-07-14,7.8333
2008-07-15,7.8667
2008-07-16,8.06
2008-07-17,8.1907
2008-07-18,8.1893
2008-07-21,8.15
2008-07-22,8.1435
2008-07-23,8.2207
2008-07-24,8.1093
2008-07-25,8.1247
2008-07-28,8.0083
2008-07-29,8.1333
2008-07-30,8.052
2008-07-31,8.0333
2008-08-01,8.02
2008-08-04,7.9733
2008-08-05,8.1467
2008-08-06,8.23
2008-08-07,8.2
2008-08-08,8.3808
2008-08-11,8.4933
2008-08-12,8.4321
2008-08-13,8.4833
2008-08-14,8.54
2008-08-15,8.523
2008-08-18,8.41
2008-08-19,8.31
2008-08-20,8.33
2008-08-21,8.2833
2008-08-22,8.3767
2008-08-25,8.235
2008-08-26,8.15
2008-08-27,8.2933
2008-08-28,8.41
2008-08-29,8.29
2008-09-02,8.2367
2008-09-03,8.12
2008-09-04,7.8608
2008-09-05,7.83
2008-09-08,7.8434
2008-09-09,7.6633
2008-09-10,7.7633
2008-09-11,7.7167
2008-09-12,7.74
2008-09-15,7.46
2008-09-16,7.4904
2008-09-17,7.2433
2008-09-18,7.3932
2008-09-19,7.6933
2008-09-22,7.4233
2008-09-23,7.3467
2008-09-24,7.3
2008-09-25,7.39
2008-09-26,7.4233
2008-09-29,6.9767
2008-09-30,7.1543
2008-10-01,7.0733
2008-10-02,6.8067
2008-10-03,6.6851
2008-10-06,6.4697
2008-10-07,6.0733
2008-10-08,6.09
2008-10-09,5.7467
2008-10-10,5.6967
2008-10-13,6.1381
2008-10-14,6.096
2008-10-15,5.5667
2008-10-16,5.66
2008-10-17,5.7033
2008-10-20,5.8566
2008-10-21,5.68
2008-10-22,5.3867
2008-10-23,5.1567
2008-10-24,5.1802
2008-10-27,5.1796
2008-10-28,5.3807
2008-10-29,5.5267
2008-10-30,5.4566
2008-10-31,5.6233
2008-11-03,5.6167
2008-11-04,5.7367
2008-11-05,5.5114
2008-11-06,5.2833
2008-11-07,5.39
2008-11-10,5.25
2008-11-11,5.1518
2008-11-12,4.9233
2008-11-13,5.118
2008-11-14,5.1367
2008-11-17,4.9388
2008-11-18,4.7423
2008-11-19,4.6367
2008-11-20,4.4051
2008-11-21,4.5267
2008-11-24,4.84
2008-11-25,4.7843
2008-11-26,5.0317
2008-11-28,5.0667
2008-12-01,4.6633
2008-12-02,4.714
2008-12-03,4.9372
2008-12-04,4.6867
2008-12-05,4.9083
2008-12-08,5.12
2008-12-09,5.0699
2008-12-10,5.1167
2008-12-11,4.92
2008-12-12,5.0923
2008-12-15,4.9867
2008-12-16,5.25
2008-12-17,5.2874
2008-12-18,5.13
2008-12-19,5.2223
2008-12-22,5.0933
2008-12-23,5.0769
2008-12-24,5.1167
2008-12-26,5.125
2008-12-29,5.0453
2008-12-30,5.2067
2008-12-31,5.35
2009-01-02,5.5367
2009-01-05,5.5081
2009-01-06,5.6585
2009-01-07,5.4767
2009-01-08,5.5083
2009-01-09,5.37
2009-01-12,5.29
2009-01-13,5.3533
2009-01-14,5.1433
2009-01-15,5.16
2009-01-16,5.2767
2009-01-20,5.0067
2009-01-21,5.1433
2009-01-22,5.11
2009-01-23,5.1483
2009-01-26,5.2597
2009-01-27,5.3067
2009-01-28,5.44
2009-01-29,5.2967
2009-01-30,5.19
2009-02-02,5.24
2009-02-03,5.25
2009-02-04,5.3033
2009-02-05,5.3467
2009-02-06,5.4779
2009-02-09,5.45
2009-02-10,5.25
2009-02-11,5.2567
2009-02-12,5.2733
2009-02-13,5.3333
2009-02-17,5.1315
2009-02-18,5.0433
2009-02-19,4.9517
2009-02-20,4.8479
2009-02-23,4.7133
2009-02-24,4.86
2009-02-25,4.9081
2009-02-26,4.7433
2009-02-27,4.7667
2009-03-02,4.5633
2009-03-03,4.5711
2009-03-04,4.7
2009-03-05,4.57
2009-03-06,4.4693
2009-03-09,4.4067
2009-03-10,4.63
2009-03-11,4.7033
2009-03-12,4.8733
2009-03-13,4.88
2009-03-16,4.804
2009-03-17,4.94
2009-03-18,4.9507
2009-03-19,5.0467
2009-03-20,4.92
2009-03-23,5.18
2009-03-24,5.09
2009-03-25,5.0933
2009-03-26,5.3367
2009-03-27,5.2067
2009-03-30,5.07
2009-03-31,5.2167
2009-04-01,5.2667
2009-04-02,5.49
2009-04-03,5.5433
2009-04-06,5.4467
2009-04-07,5.3367
2009-04-08,5.4333
2009-04-09,5.6033
2009-04-13,5.5533
2009-04-14,5.47
2009-04-15,5.4133
2009-04-16,5.6267
2009-04-17,5.6533
2009-04-20,5.4467
2009-04-21,5.55
2009-04-22,5.58
2009-04-23,5.55
2009-04-24,5.6433
2009-04-27,5.64
2009-04-28,5.64
2009-04-29,5.8033
2009-04-30,5.76
2009-05-01,5.78
2009-05-04,5.8733
2009-05-05,5.8567
2009-05-06,5.83
2009-05-07,5.72
2009-05-08,5.7533
2009-05-11,5.7367
2009-05-12,5.6967
2009-05-13,5.5233
2009-05-14,5.6033
2009-05-15,5.6467
2009-05-18,5.75
2009-05-19,5.7767
2009-05-20,5.7433
2009-05-21,5.68
2009-05-22,5.6667
2009-05-26,5.8567
2009-05-27,5.78
2009-05-28,5.79
2009-05-29,5.8
2009-06-01,6.05
2009-06-02,6.08
2009-06-03,6.0067
2009-06-04,6.09
2009-06-05,6.1033
2009-06-08,6.0267
2009-06-09,6.1359
2009-06-10,6.1
2009-06-11,6.1377
2009-06-12,6.1167
2009-06-15,5.9907
2009-06-16,5.9333
2009-06-17,5.9567
2009-06-18,5.9867
2009-06-19,6.0067
2009-06-22,5.8433
2009-06-23,5.84
2009-06-24,5.8605
2009-06-25,5.9733
2009-06-26,6.0527
2009-06-29,6.06
2009-06-30,6.0567
2009-07-01,6.1533
2009-07-02,5.9867
2009-07-06,5.9133
2009-07-07,5.83
2009-07-08,5.7867
2009-07-09,5.7967
2009-07-10,5.8033
2009-07-13,5.9067
2009-07-14,5.9467
2009-07-15,6.1433
2009-07-16,6.2333
2009-07-17,6.2633
2009-07-20,6.31
2009-07-21,6.36
2009-07-22,6.38
2009-07-23,6.5067
2009-07-24,6.5067
2009-07-27,6.4967
2009-07-28,6.5283
2009-07-29,6.5867
2009-07-30,6.62
2009-07-31,6.5867
2009-08-03,6.63
2009-08-04,6.68
2009-08-05,6.6167
2009-08-06,6.5533
2009-08-07,6.69
2009-08-10,6.6567
2009-08-11,6.6033
2009-08-12,6.6933
2009-08-13,6.74
2009-08-14,6.6503
2009-08-17,6.5233
2009-08-18,6.5967
2009-08-19,6.6467
2009-08-20,6.68
2009-08-21,6.7967
2009-08-24,6.81
2009-08-25,6.8333
2009-08-26,6.8533
2009-08-27,6.8467
2009-08-28,6.8005
2009-08-31,6.7067
2009-09-01,6.59
2009-09-02,6.54
2009-09-03,6.6033
2009-09-04,6.7
2009-09-08,6.76
2009-09-09,6.9
2009-09-10,6.9833
2009-09-11,6.9667
2009-09-14,7.0033
2009-09-15,6.9933
2009-09-16,7.08
2009-09-17,7.09
2009-09-18,7.0867
2009-09-21,7.1567
2009-09-22,7.1867
2009-09-23,7.2323
2009-09-24,7.1167
2009-09-25,7.059
2009-09-28,7.1833
2009-09-29,7.1687
2009-09-30,7.1167
2009-10-01,6.9167
2009-10-02,6.8733
2009-10-05,6.9767
2009-10-06,7.1
2009-10-07,7.09
2009-10-08,7.11
2009-10-09,7.2067
2009-10-12,7.21
2009-10-13,7.2167
2009-10-14,7.3133
2009-10-15,7.2887
2009-10-16,7.232
2009-10-19,7.31
2009-10-20,7.2267
2009-10-21,7.1933
2009-10-22,7.2333
2009-10-23,7.1567
2009-10-26,7.1033
2009-10-27,7.0233
2009-10-28,6.8733
2009-10-29,7.0
2009-10-30,6.8267
2009-11-02,6.79
2009-11-03,6.8733
2009-11-04,6.9026
2009-11-05,7.0467
2009-11-06,7.0667
2009-11-09,7.2
2009-11-10,7.1966
2009-11-11,7.25
2009-11-12,7.22
2009-11-13,7.2567
2009-11-16,7.4067
2009-11-17,7.41
2009-11-18,7.3667
2009-11-19,7.2233
2009-11-20,7.1667
2009-11-23,7.2833
2009-11-24,7.2533
2009-11-25,7.2633
2009-11-27,7.1533
2009-11-30,7.1267
2009-12-01,7.21
2009-12-02,7.25
2009-12-03,7.274
2009-12-04,7.3267
2009-12-07,7.3233
2009-12-08,7.28
2009-12-09,7.2933
2009-12-10,7.3133
2009-12-11,7.3155
2009-12-14,7.3667
2009-12-15,7.3233
2009-12-16,7.384
2009-12-17,7.3233
2009-12-18,7.3633
2009-12-21,7.4733
2009-12-22,7.5533
2009-12-23,7.6367
2009-12-24,7.7033
2009-12-28,7.6833
2009-12-29,7.6567
2009-12-30,7.69
2009-12-31,7.69
2010-01-04,7.7373
2010-01-05,7.74
2010-01-06,7.6867
2010-01-07,7.6467
2010-01-08,7.69
2010-01-11,7.6302
2010-01-12,7.53
2010-01-13,7.6333
2010-01-14,7.6753
2010-01-15,7.5633
2010-01-19,7.6667
2010-01-20,7.6
2010-01-21,7.5333
2010-01-22,7.282
2010-01-25,7.3167
2010-01-26,7.363
2010-01-27,7.35
2010-01-28,7.2733
2010-01-29,7.1367
2010-02-01,7.2033
2010-02-02,7.2461
2010-02-03,7.22
2010-02-04,6.9667
2010-02-05,6.9733
2010-02-08,6.9813
2010-02-09,7.0467
2010-02-10,7.04
2010-02-11,7.1333
2010-02-12,7.18
2010-02-16,7.3067
2010-02-17,7.3366
2010-02-18,7.4033
2010-02-19,7.4267
2010-02-22,7.3767
2010-02-23,7.3155
2010-02-24,7.3567
2010-02-25,7.31
2010-02-26,7.3333
2010-03-01,7.4733
2010-03-02,7.4933
2010-03-03,7.4808
2010-03-04,7.4667
2010-03-05,7.61
2010-03-08,7.6233
2010-03-09,7.66
2010-03-10,7.7067
2010-03-11,7.7033
2010-03-12,7.6692
2010-03-15,7.6433
2010-03-16,7.68
2010-03-17,7.7967
2010-03-18,7.7575
2010-03-19,7.65
2010-03-22,7.7795
2010-03-23,7.8866
2010-03-24,7.7667
2010-03-25,7.736
2010-03-26,7.7033
2010-03-29,7.73
2010-03-30,7.7533
2010-03-31,7.7167
2010-04-01,7.6767
2010-04-05,7.8367
2010-04-06,7.84
2010-04-07,7.81
2010-04-08,7.7967
2010-04-09,7.84
2010-04-12,7.8833
2010-04-13,7.9
2010-04-14,8.0833
2010-04-15,8.1288
2010-04-16,8.0467
2010-04-19,7.9866
2010-04-20,8.1
2010-04-21,8.0833
2010-04-22,8.2145
2010-04-23,8.2733
2010-04-26,8.2733
2010-04-27,8.12
2010-04-28,8.0663
2010-04-29,8.1233
2010-04-30,7.9153
2010-05-03,8.0203
2010-05-04,7.76
2010-05-05,7.7025
2010-05-06,7.4807
2010-05-07,7.2833
2010-05-10,7.6233
2010-05-11,7.6533
2010-05-12,7.8334
2010-05-13,7.7467
2010-05-14,7.51
2010-05-17,7.5933
2010-05-18,7.4553
2010-05-19,7.4033
2010-05-20,7.13
2010-05-21,7.13
2010-05-24,7.2533
2010-05-25,7.1233
2010-05-26,7.1733
2010-05-27,7.4443
2010-05-28,7.3667
2010-06-01,7.1833
2010-06-02,7.2328
2010-06-03,7.42
2010-06-04,7.0633
2010-06-07,6.8667
2010-06-08,6.83
2010-06-09,6.8267
2010-06-10,7.0187
2010-06-11,7.1233
2010-06-14,7.15
2010-06-15,7.4067
2010-06-16,7.4081
2010-06-17,7.3967
2010-06-18,7.4133
2010-06-21,7.4167
2010-06-22,7.2333
2010-06-23,7.2303
2010-06-24,7.0733
2010-06-25,7.1233
2010-06-28,7.1421
2010-06-29,6.84
2010-06-30,6.6967
2010-07-01,6.6433
2010-07-02,6.6367
2010-07-06,6.5567
2010-07-07,6.8
2010-07-08,6.9033
2010-07-09,6.95
2010-07-12,7.02
2010-07-13,7.22
2010-07-14,7.25
2010-07-15,7.2667
2010-07-16,7.0339
2010-07-19,7.1267
2010-07-20,7.1733
2010-07-21,7.1033
2010-07-22,7.2767
2010-07-23,7.3067
2010-07-26,7.44
2010-07-27,7.4333
2010-07-28,7.2771
2010-07-29,7.2267
2010-07-30,7.2293
2010-08-02,7.3533
2010-08-03,7.3033
2010-08-04,7.38
2010-08-05,7.3767
2010-08-06,7.2967
2010-08-09,7.3807
2010-08-10,7.2433
2010-08-11,6.97
2010-08-12,6.85
2010-08-13,6.808
2010-08-16,6.8033
2010-08-17,6.9267
2010-08-18,6.98
2010-08-19,6.8133
2010-08-20,6.8033
2010-08-23,6.73
2010-08-24,6.6342
2010-08-25,6.6767
2010-08-26,6.6333
2010-08-27,6.7367
2010-08-30,6.6133
2010-08-31,6.5847
2010-09-01,6.7805
2010-09-02,6.88
2010-09-03,7.01
2010-09-07,6.8927
2010-09-08,6.9367
2010-09-09,6.9633
2010-09-10,6.9533
2010-09-13,7.1567
2010-09-14,7.2267
2010-09-15,7.24
2010-09-16,7.2333
2010-09-17,7.2733
2010-09-20,7.4467
2010-09-21,7.3933
2010-09-22,7.2813
2010-09-23,7.25
2010-09-24,7.4533
2010-09-27,7.45
2010-09-28,7.5023
2010-09-29,7.5833
2010-09-30,7.569
2010-10-01,7.5667
2010-10-04,7.4167
2010-10-05,7.66
2010-10-06,7.5273
2010-10-07,7.5533
2010-10-08,7.6113
2010-10-11,7.65
2010-10-12,7.6933
2010-10-13,7.7577
2010-10-14,7.7333
2010-10-15,7.8067
2010-10-18,7.83
2010-10-19,7.69
2010-10-20,7.7767
2010-10-21,7.7643
2010-10-22,7.8533
2010-10-25,7.9367
2010-10-26,7.9271
2010-10-27,7.98
2010-10-28,7.9587
2010-10-29,7.9967
2010-11-01,7.96
2010-11-02,8.08
2010-11-03,8.15
2010-11-04,8.3133
2010-11-05,8.3125
2010-11-08,8.3367
2010-11-09,8.2533
2010-11-10,8.1741
2010-11-11,8.1967
2010-11-12,8.1433
2010-11-15,8.1113
2010-11-16,7.946
2010-11-17,7.95
2010-11-18,8.14
2010-11-19,8.18
2010-11-22,8.1566
2010-11-23,8.1422
2010-11-24,8.3408
2010-11-26,8.3
2010-11-29,8.23
2010-11-30,8.12
2010-12-01,8.3367
2010-12-02,8.4567
2010-12-03,8.5193
2010-12-06,8.52
2010-12-07,8.5633
2010-12-08,8.6167
2010-12-09,8.6376
2010-12-10,8.69
2010-12-13,8.6667
2010-12-14,8.64
2010-12-15,8.62
2010-12-16,8.6467
2010-12-17,8.6567
2010-12-20,8.6533
2010-12-21,8.67
2010-12-22,8.6533
2010-12-23,8.6267
2010-12-27,8.6533
2010-12-28,8.6243
2010-12-29,8.6567
2010-12-30,8.6267
2010-12-31,8.5433
2011-01-03,8.6633
2011-01-04,8.61
2011-01-05,8.6833
2011-01-06,8.75
2011-01-07,8.6871
2011-01-10,8.7267
2011-01-11,8.7467
2011-01-12,8.8367
2011-01-13,8.7887
2011-01-14,8.885
2011-01-18,8.9267
2011-01-19,8.8413
2011-01-20,8.7267
2011-01-21,8.6767
2011-01-24,8.7959
2011-01-25,8.7533
2011-01-26,8.868
2011-01-27,8.8933
2011-01-28,8.7067
2011-01-31,8.7567
2011-02-01,8.998
2011-02-02,9.0589
2011-02-03,9.0433
2011-02-04,9.06
2011-02-07,9.1107
2011-02-08,9.1666
2011-02-09,9.1377
2011-02-10,9.2333
2011-02-11,9.2867
2011-02-14,9.3867
2011-02-15,9.2933
2011-02-16,9.386
2011-02-17,9.46
2011-02-18,9.416
2011-02-22,9.1808
2011-02-23,8.9913
2011-02-24,9.0467
2011-02-25,9.2333
2011-02-28,9.1987
2011-03-01,9.058
2011-03-02,9.1133
2011-03-03,9.3207
2011-03-04,9.2667
2011-03-07,9.1267
2011-03-08,9.22
2011-03-09,9.1367
2011-03-10,8.9033
2011-03-11,8.9333
2011-03-14,8.8567
2011-03-15,8.7585
2011-03-16,8.6267
2011-03-17,8.6433
2011-03-18,8.6967
2011-03-21,8.8667
2011-03-22,8.84
2011-03-23,8.88
2011-03-24,8.9867
2011-03-25,9.04
2011-03-28,9.02
2011-03-29,9.0933
2011-03-30,9.1733
2011-03-31,9.1533
2011-04-01,9.2067
2011-04-04,9.18
2011-04-05,9.2033
2011-04-06,9.2235
2011-04-07,9.1727
2011-04-08,9.0574
2011-04-11,9.0341
2011-04-12,8.932
2011-04-13,8.9867
2011-04-14,9.0033
2011-04-15,9.0167
2011-04-18,8.86
2011-04-19,8.8803
2011-04-20,9.0833
2011-04-21,9.1118
2011-04-25,9.1117
2011-04-26,9.18
2011-04-27,9.2467
2011-04-28,9.2346
2011-04-29,9.23
2011-05-02,9.1467
2011-05-03,9.0264
2011-05-04,9.0733
2011-05-05,9.03
2011-05-06,9.0333
2011-05-09,9.1337
2011-05-10,9.2267
2011-05-11,9.15
2011-05-12,9.2567
2011-05-13,9.1739
2011-05-16,9.02
2011-05-17,8.96
2011-05-18,9.0869
2011-05-19,9.082
2011-05-20,9.05
2011-05-23,8.9
2011-05-24,8.8066
2011-05-25,8.8633
2011-05-26,8.9507
2011-05-27,8.9837
2011-05-31,9.0833
2011-06-01,9.0
2011-06-02,8.8967
2011-06-03,8.7933
2011-06-06,8.6167
2011-06-07,8.6867
2011-06-08,8.4933
2011-06-09,8.5275
2011-06-10,8.4133
2011-06-13,8.3233
2011-06-14,8.5
2011-06-15,8.3667
2011-06-16,8.1667
2011-06-17,8.23
2011-06-20,8.2767
2011-06-21,8.4733
2011-06-22,8.53
2011-06-23,8.4833
2011-06-24,8.4867
2011-06-27,8.55
2011-06-28,8.6753
2011-06-29,8.7833
2011-06-30,8.9053
2011-07-01,9.0367
2011-07-05,9.06
2011-07-06,9.096
2011-07-07,9.2333
2011-07-08,9.19
2011-07-11,8.9787
2011-07-12,8.83
2011-07-13,8.8467
2011-07-14,8.6915
2011-07-15,8.75
2011-07-18,8.62
2011-07-19,8.8845
2011-07-20,8.7767
2011-07-21,8.79
2011-07-22,8.8633
2011-07-25,8.8149
2011-07-26,8.7433
2011-07-27,8.4433
2011-07-28,8.3967
2011-07-29,8.2667
2011-08-01,8.2167
2011-08-02,8.0
2011-08-03,8.0403
2011-08-04,7.6533
2011-08-05,7.5067
2011-08-08,6.9413
2011-08-09,7.2167
2011-08-10,7.0247
2011-08-11,7.4767
2011-08-12,7.41
2011-08-15,7.5933
2011-08-16,7.4983
2011-08-17,7.38
2011-08-18,6.89
2011-08-19,6.9633
2011-08-22,6.8533
2011-08-23,7.18
2011-08-24,7.2281
2011-08-25,7.07
2011-08-26,7.27
2011-08-29,7.5466
2011-08-30,7.5767
2011-08-31,7.4773
2011-09-01,7.5333
2011-09-02,7.2025
2011-09-06,7.14
2011-09-07,7.4027
2011-09-08,7.39
2011-09-12,7.1667
2011-09-13,7.3167
2011-09-14,7.5167
2011-09-15,7.5867
2011-09-16,7.6225
2011-09-19,7.49
2011-09-20,7.4533
2011-09-21,7.4897
2011-09-22,6.95
2011-09-23,7.0967
2011-09-27,7.4747
2011-09-28,7.2267
2011-09-29,7.006
2011-09-30,6.9733
2011-10-03,6.7
2011-10-04,7.0067
2011-10-05,7.202
2011-10-06,7.3033
2011-10-07,7.3033
2011-10-10,7.5133
2011-10-11,7.5503
2011-10-12,7.6433
2011-10-13,7.74
2011-10-14,7.7733
2011-10-17,7.6333
2011-10-18,7.7537
2011-10-19,7.5433
2011-10-20,7.4667
2011-10-21,7.605
2011-10-24,7.9033
2011-10-25,7.8183
2011-10-26,7.8647
2011-10-27,8.2267
2011-10-28,8.234
2011-10-31,8.0933
2011-11-01,7.806
2011-11-02,7.8733
2011-11-03,8.1107
2011-11-04,8.1367
2011-11-07,8.0656
2011-11-08,8.19
2011-11-09,7.91
2011-11-10,7.8267
2011-11-11,8.0434
2011-11-14,7.9719
2011-11-15,8.0733
2011-11-16,8.0333
2011-11-17,7.7615
2011-11-18,7.73
2011-11-21,7.616
2011-11-22,7.5667
2011-11-23,7.332
2011-11-25,7.2867
2011-11-28,7.45
2011-11-29,7.4744
2011-11-30,7.7967
2011-12-02,7.9033
2011-12-05,7.9433
2011-12-06,7.9573
2011-12-07,7.9407
2011-12-08,7.82
2011-12-09,8.0033
2011-12-12,7.7667
2011-12-13,7.7593
2011-12-14,7.53
2011-12-15,7.5664
2011-12-16,7.67
2011-12-19,7.5333
2011-12-20,7.7433
2011-12-21,7.6333
2011-12-22,7.7133
2011-12-23,7.7647
2011-12-27,7.7867
2011-12-28,7.6833
2011-12-29,7.76
2012-01-03,7.7833
2012-01-04,7.7067
2012-01-05,7.712
2012-01-06,7.8247
2012-01-09,7.8717
2012-01-10,7.9634
2012-01-11,8.0031
2012-01-12,8.0633
2012-01-13,7.9867
2012-01-17,8.0803
2012-01-18,8.2207
2012-01-19,8.2633
2012-01-20,8.3331
2012-01-23,8.3217
2012-01-24,8.4
2012-01-25,8.4233
2012-01-26,8.3927
2012-01-27,8.44
2012-01-30,8.3967
2012-01-31,8.4333
2012-02-01,8.6513
2012-02-02,8.64
2012-02-03,8.8183
2012-02-06,8.7965
2012-02-07,8.8267
2012-02-08,8.8367
2012-02-09,8.8808
2012-02-10,8.8
2012-02-13,8.8793
2012-02-14,8.9
2012-02-15,8.89
2012-02-16,9.0195
2012-02-17,8.9927
2012-02-21,8.9347
2012-02-22,8.9103
2012-02-23,8.9763
2012-02-24,8.9667
2012-02-27,8.9673
2012-02-28,8.95
2012-02-29,8.8833
2012-03-01,8.9045
2012-03-02,8.8
2012-03-05,8.7333
2012-03-06,8.6433
2012-03-07,8.76
2012-03-08,8.8933
2012-03-09,8.96
2012-03-12,8.94
2012-03-13,9.0329
2012-03-14,9.0567
2012-03-15,9.0967
2012-03-16,9.1029
2012-03-19,9.16
2012-03-20,9.1
2012-03-21,9.1433
2012-03-22,9.0969
2012-03-23,9.1233
2012-03-26,9.3
2012-03-27,9.2733
2012-03-28,9.1287
2012-03-29,9.16
2012-03-30,9.18
2012-04-02,9.2367
2012-04-03,9.2033
2012-04-04,9.0406
2012-04-05,9.0312
2012-04-09,9.0057
2012-04-10,8.8048
2012-04-11,8.8733
2012-04-12,9.0133
2012-04-13,8.96
2012-04-16,8.9267
2012-04-17,9.0967
2012-04-18,9.0353
2012-04-19,8.9653
2012-04-20,8.9733
2012-04-23,8.8233
2012-04-24,8.8067
2012-04-25,9.04
2012-04-26,9.171
2012-04-27,9.1427
2012-04-30,9.1035
2012-05-01,9.22
2012-05-02,9.06
2012-05-03,9.01
2012-05-04,8.84
2012-05-07,8.8367
2012-05-08,8.78
2012-05-09,8.8067
2012-05-10,8.7893
2012-05-11,8.7667
2012-05-14,8.7
2012-05-15,8.7567
2012-05-16,8.6068
2012-05-17,8.412
2012-05-18,8.2733
2012-05-21,8.4133
2012-05-22,8.416
2012-05-23,8.3643
2012-05-24,8.3235
2012-05-29,8.3602
2012-05-30,8.3233
2012-05-31,8.17
2012-06-01,7.97
2012-06-04,7.9467
2012-06-05,8.0967
2012-06-06,8.2883
2012-06-07,8.2701
2012-06-08,8.29
2012-06-11,8.1867
2012-06-12,8.1833
2012-06-13,8.17
2012-06-14,8.1967
2012-06-15,8.3067
2012-06-18,8.415
2012-06-19,8.5066
2012-06-20,8.4583
2012-06-21,8.24
2012-06-22,8.3
2012-06-25,8.1417
2012-06-26,8.1894
2012-06-28,8.2413
2012-06-29,8.5033
2012-07-02,8.5133
2012-07-03,8.55
2012-07-05,8.6519
2012-07-06,8.425
2012-07-09,8.4242
2012-07-11,8.2603
2012-07-12,8.2563
2012-07-13,8.2533
2012-07-16,8.2729
2012-07-17,8.2702
2012-07-18,8.4335
2012-07-19,8.481
2012-07-20,8.3833
2012-07-23,8.24
2012-07-24,8.1267
2012-07-25,8.2633
2012-07-26,8.4531
2012-07-27,8.6233
2012-07-30,8.57
2012-07-31,8.6067
2012-08-01,8.4833
2012-08-02,8.4433
2012-08-03,8.6
2012-08-06,8.6833
2012-08-07,8.7549
2012-08-08,8.7867
2012-08-09,8.8567
2012-08-10,8.8533
2012-08-13,8.8267
2012-08-14,8.7937
2012-08-15,8.841
2012-08-16,9.0
2012-08-17,9.0774
2012-08-20,9.05
2012-08-21,9.0167
2012-08-22,8.98
2012-08-23,8.9547
2012-08-24,8.9767
2012-08-27,8.9467
2012-08-28,8.9833
2012-08-29,9.0
2012-08-30,8.9333
2012-08-31,8.95
2012-09-04,8.9833
2012-09-05,8.9833
2012-09-06,9.1567
2012-09-07,9.0987
2012-09-10,9.0633
2012-09-11,9.09
2012-09-12,9.0733
2012-09-13,9.1885
2012-09-14,9.2467
2012-09-17,9.17
2012-09-18,9.14
2012-09-19,9.1467
2012-09-20,9.1167
2012-09-21,9.1333
2012-09-24,9.0167
2012-09-25,8.8927
2012-09-26,8.75
2012-09-27,8.8
2012-09-28,8.8667
2012-10-01,8.8313
2012-10-02,8.8367
2012-10-03,8.87
2012-10-04,8.8767
2012-10-05,8.8867
2012-10-08,8.7733
2012-10-09,8.6433
2012-10-10,8.5947
2012-10-11,8.6435
2012-10-12,8.5833
2012-10-15,8.6367
2012-10-16,8.7867
2012-10-17,8.7822
2012-10-18,8.7267
2012-10-19,8.5667
2012-10-22,8.5767
2012-10-23,8.5141
2012-10-24,8.4567
2012-10-25,8.544
2012-10-26,8.4533
2012-10-31,8.4233
2012-11-01,8.5333
2012-11-02,8.4662
2012-11-05,8.5067
2012-11-06,8.6727
2012-11-07,8.48
2012-11-08,8.3903
2012-11-09,8.4067
2012-11-12,8.3434
2012-11-13,8.347
2012-11-14,8.1432
2012-11-15,8.08
2012-11-16,8.1733
2012-11-19,8.2767
2012-11-20,8.2566
2012-11-21,8.3133
2012-11-23,8.4067
2012-11-26,8.4367
2012-11-28,8.46
2012-11-29,8.5633
2012-11-30,8.5247
2012-12-03,8.5333
2012-12-04,8.4615
2012-12-05,8.5588
2012-12-06,8.5834
2012-12-07,8.6124
2012-12-10,8.6634
2012-12-11,8.7771
2012-12-12,8.7733
2012-12-13,8.66
2012-12-14,8.64
2012-12-17,8.6833
2012-12-18,8.8442
2012-12-19,8.8852
2012-12-21,8.73
2012-12-24,8.7663
2012-12-26,8.7603
2012-12-27,8.7033
2012-12-28,8.6333
2012-12-31,8.724
2013-01-02,8.982
2013-01-03,9.0709
2013-01-04,9.0867
2013-01-07,9.0567
2013-01-08,9.0
2013-01-09,9.12
2013-01-10,9.1019
2013-01-11,9.129
2013-01-14,9.1067
2013-01-16,9.2036
2013-01-17,9.2437
2013-01-18,9.2067
2013-01-22,9.2733
2013-01-23,9.2793
2013-01-24,9.3067
2013-01-25,9.3633
2013-01-28,9.38
2013-01-29,9.13
2013-01-30,9.193
2013-01-31,9.2033
2013-02-01,9.2966
2013-02-04,9.1733
2013-02-05,9.302
2013-02-06,9.3133
2013-02-07,9.2258
2013-02-08,9.3957
2013-02-11,9.4103
2013-02-12,9.4333
2013-02-13,9.4233
2013-02-14,9.49
2013-02-15,9.5037
2013-02-19,9.6009
2013-02-20,9.5567
2013-02-21,9.33
2013-02-22,9.4149
2013-02-25,9.3036
2013-02-26,9.3133
2013-02-27,9.4114
2013-02-28,9.4367
2013-03-01,9.4233
2013-03-04,9.4733
2013-03-05,9.5733
2013-03-06,9.6397
2013-03-07,9.638
2013-03-08,9.6733
2013-03-11,9.6873
2013-03-12,9.6867
2013-03-13,9.7133
2013-03-14,9.7819
2013-03-15,9.7267
2013-03-18,9.6633
2013-03-19,9.64
2013-03-20,9.74
2013-03-21,9.6547
2013-03-22,9.6233
2013-03-25,9.6267
2013-03-26,9.7067
2013-03-27,9.7167
2013-03-28,9.79
2013-04-01,9.6783
2013-04-02,9.65
2013-04-03,9.5563
2013-04-04,9.5767
2013-04-05,9.4442
2013-04-08,9.4967
2013-04-09,9.6133
2013-04-10,9.7513
2013-04-11,9.7449
2013-04-12,9.673
2013-04-15,9.43
2013-04-16,9.5333
2013-04-17,9.33
2013-04-18,9.1967
2013-04-19,9.2331
2013-04-22,9.155
2013-04-23,9.46
2013-04-24,9.4287
2013-04-25,9.5929
2013-04-26,9.5307
2013-04-29,9.5968
2013-04-30,9.6756
2013-05-01,9.4967
2013-05-02,9.6058
2013-05-03,9.7484
2013-05-06,9.8133
2013-05-07,9.8333
2013-05-08,9.8579
2013-05-09,9.873
2013-05-10,9.9467
2013-05-13,9.9
2013-05-14,9.985
2013-05-15,9.9819
2013-05-16,9.9833
2013-05-17,10.0933
2013-05-20,10.09
2013-05-21,10.11
2013-05-22,9.9716
2013-05-23,9.9484
2013-05-24,9.932
2013-05-28,10.0467
2013-05-29,10.0184
2013-05-30,10.1334
2013-05-31,10.1
2013-06-03,10.0
2013-06-04,10.0519
2013-06-05,9.8997
2013-06-06,9.938
2013-06-07,10.04
2013-06-10,10.0933
2013-06-11,9.9633
2013-06-12,9.8913
2013-06-13,10.0293
2013-06-14,9.95
2013-06-17,10.0561
2013-06-18,10.2233
2013-06-19,10.1533
2013-06-20,9.9166
2013-06-21,9.8466
2013-06-24,9.7067
2013-06-25,9.8087
2013-06-26,9.89
2013-06-27,10.0333
2013-06-28,10.0033
2013-07-01,10.11
2013-07-02,10.1234
2013-07-03,10.15
2013-07-05,10.2667
2013-07-08,10.26
2013-07-09,10.3333
2013-07-10,10.4033
2013-07-11,10.5433
2013-07-12,10.5633
2013-07-15,10.6433
2013-07-16,10.5671
2013-07-17,10.5867
2013-07-18,10.6167
2013-07-19,10.6067
2013-07-22,10.6633
2013-07-23,10.6273
2013-07-24,10.61
2013-07-25,10.6364
2013-07-26,10.5733
2013-07-29,10.52
2013-07-30,10.6367
2013-07-31,10.7597
2013-08-01,10.8633
2013-08-02,10.81
2013-08-05,10.8408
2013-08-06,10.803
2013-08-07,10.7067
2013-08-08,10.8082
2013-08-09,10.8133
2013-08-12,10.8667
2013-08-13,10.9067
2013-08-14,10.777
2013-08-15,10.5133
2013-08-16,10.5537
2013-08-19,10.5367
2013-08-20,10.5833
2013-08-21,10.5387
2013-08-22,10.5391
2013-08-23,10.5731
2013-08-26,10.576
2013-08-27,10.2767
2013-08-28,10.3367
2013-08-29,10.4217
2013-09-03,10.28
2013-09-04,10.4166
2013-09-05,10.4666
2013-09-06,10.466
2013-09-09,10.5429
2013-09-10,10.7433
2013-09-11,10.792
2013-09-12,10.6967
2013-09-13,10.7613
2013-09-16,10.78
2013-09-17,10.8313
2013-09-18,10.9117
2013-09-19,10.8767
2013-09-20,10.8933
2013-09-23,10.7887
2013-09-24,10.8337
2013-09-25,10.9033
2013-09-26,10.8633
2013-09-27,10.8233
2013-09-30,10.8197
2013-10-01,10.9667
2013-10-02,10.9667
2013-10-03,10.8667
2013-10-04,11.0133
2013-10-07,10.8733
2013-10-08,10.588
2013-10-09,10.6255
2013-10-10,10.8167
2013-10-11,10.9967
2013-10-14,10.9237
2013-10-15,10.9985
2013-10-16,11.1067
2013-10-17,11.174
2013-10-18,11.3307
2013-10-21,11.42
2013-10-22,11.4572
2013-10-23,11.3007
2013-10-24,11.3067
2013-10-25,11.2367
2013-10-28,11.2367
2013-10-29,11.3067
2013-10-30,11.1667
2013-10-31,11.188
2013-11-01,11.1235
2013-11-04,11.2728
2013-11-05,11.286
2013-11-06,11.28
2013-11-07,11.0867
2013-11-08,11.2567
2013-11-11,11.34
2013-11-12,11.3833
2013-11-13,11.5233
2013-11-14,11.4767
2013-11-15,11.5338
2013-11-18,11.45
2013-11-19,11.3355
2013-11-20,11.2933
2013-11-21,11.4581
2013-11-22,11.4767
2013-11-25,
2013-11-26,11.51
2013-11-27,11.5567
2013-11-29,11.5966
2013-12-02,11.4767
2013-12-03,11.4045
2013-12-04,11.3867
2013-12-05,11.4393
2013-12-06,11.5467
2013-12-09,11.5133
2013-12-10,11.48
2013-12-11,11.2897
2013-12-12,11.284
2013-12-13,11.3133
2013-12-16,11.42
2013-12-17,11.4667
2013-12-18,11.4634
2013-12-19,11.4966
2013-12-20,11.6267
2013-12-23,11.6855
2013-12-24,11.7766
2013-12-26,11.7987
2013-12-27,11.7767
2013-12-30,11.7933
2013-12-31,11.8288
2014-01-02,11.6967
2014-01-03,11.768
2014-01-06,11.6667
2014-01-07,11.8178
2014-01-08,11.8499
2014-01-09,11.85
2014-01-10,11.8133
2014-01-13,11.6367
2014-01-14,11.8267
2014-01-15,11.9
2014-01-16,11.95
2014-01-17,11.9133
2014-01-21,11.8938
2014-01-22,12.0067
2014-01-23,11.8864
2014-01-24,11.52
2014-01-27,11.4333
2014-01-28,11.49
2014-01-29,11.3833
2014-01-30,11.6366
2014-01-31,11.5165
2014-02-03,11.1445
2014-02-04,11.2067
2014-02-05,11.1533
2014-02-06,11.2803
2014-02-07,11.4
2014-02-10,11.4467
2014-02-11,11.59
2014-02-12,11.61
2014-02-13,11.7627
2014-02-14,11.8157
2014-02-18,11.9313
2014-02-19,11.8533
2014-02-20,12.1033
2014-02-21,12.0227
2014-02-24,12.0548
2014-02-25,11.9767
2014-02-26,12.01
2014-02-27,12.1993
2014-02-28,12.1167
2014-03-03,12.09
2014-03-04,12.47
2014-03-05,12.4107
2014-03-06,12.3267
2014-03-07,12.1741
2014-03-10,12.0567
2014-03-11,11.9327
2014-03-12,11.996
2014-03-13,11.7834
2014-03-14,11.8267
2014-03-17,11.9233
2014-03-18,12.0963
2014-03-19,12.0433
2014-03-20,12.0893
2014-03-21,11.91
2014-03-24,11.7597
2014-03-25,11.69
2014-03-26,11.4282
2014-03-27,11.4233
2014-03-28,11.3733
2014-03-31,11.5567
2014-04-01,11.7663
2014-04-02,11.7833
2014-04-03,11.54
2014-04-04,11.1467
2014-04-07,10.8733
2014-04-08,10.96
2014-04-09,11.2533
2014-04-10,10.8521
2014-04-11,10.6433
2014-04-14,10.6855
2014-04-15,10.7933
2014-04-16,10.9833
2014-04-17,11.07
2014-04-21,11.1033
2014-04-22,11.25
2014-04-23,11.1767
2014-04-24,11.1333
2014-04-25,10.8365
2014-04-28,10.6977
2014-04-29,10.76
2014-04-30,10.8008
2014-05-01,10.9567
2014-05-02,11.0452
2014-05-05,11.0458
2014-05-06,10.8333
2014-05-07,10.5567
2014-05-08,10.56
2014-05-09,10.54
2014-05-12,10.8434
2014-05-13,10.7967
2014-05-14,10.6877
2014-05-15,10.5946
2014-05-16,10.641
2014-05-19,10.8067
2014-05-20,10.6933
2014-05-21,10.8067
2014-05-22,10.94
2014-05-23,11.0933
2014-05-27,11.24
2014-05-28,11.2533
2014-05-29,11.3433
2014-05-30,11.2167
2014-06-02,11.15
2014-06-03,11.13
2014-06-04,11.234
2014-06-05,11.33
2014-06-06,11.3733
2014-06-09,11.4393
2014-06-10,11.38
2014-06-11,11.523
2014-06-12,11.4207
2014-06-13,11.5133
2014-06-16,11.7053
2014-06-17,11.9667
2014-06-18,11.9667
2014-06-19,11.9067
2014-06-20,11.9633
2014-06-23,11.9787
2014-06-24,11.8633
2014-06-25,11.9437
2014-06-26,11.9633
2014-06-27,11.9867
2014-06-30,12.0833
2014-07-01,12.2267
2014-07-02,12.1233
2014-07-03,12.23
2014-07-07,12.07
2014-07-08,11.8669
2014-07-09,11.9368
2014-07-10,11.8607
2014-07-11,11.8967
2014-07-14,11.9943
2014-07-15,11.8576
2014-07-16,11.88
2014-07-17,11.663
2014-07-18,11.87
2014-07-21,11.8523
2014-07-22,11.9433
2014-07-23,11.81
2014-07-24,11.8631
2014-07-25,11.72
2014-07-28,11.7
2014-07-29,11.75
2014-07-30,11.733
2014-07-31,11.4533
2014-08-01,11.4433
2014-08-04,11.4667
2014-08-05,11.3953
2014-08-06,11.4433
2014-08-07,11.39
2014-08-08,11.4509
2014-08-11,11.5357
2014-08-12,11.5
2014-08-13,11.6433
2014-08-14,11.6233
2014-08-15,11.6167
2014-08-18,11.7767
2014-08-19,11.86
2014-08-20,11.91
2014-08-21,11.9633
2014-08-22,11.9567
2014-08-25,11.94
2014-08-26,12.0151
2014-08-27,11.9947
2014-08-28,11.9883
2014-08-29,12.0833
2014-09-02,12.1134
2014-09-03,12.026
2014-09-04,11.9967
2014-09-05,12.1066
2014-09-08,12.0804
2014-09-09,11.937
2014-09-10,12.0033
2014-09-11,12.0867
2014-09-12,11.9866
2014-09-15,11.75
2014-09-16,11.9
2014-09-17,11.9167
2014-09-18,12.0667
2014-09-19,11.8933
2014-09-22,11.6633
2014-09-23,11.6566
2014-09-24,11.7601
2014-09-25,11.5005
2014-09-26,11.64
2014-09-29,11.6133
2014-09-30,11.5633
2014-10-01,11.28
2014-10-02,11.3433
2014-10-03,11.4675
2014-10-06,11.4
2014-10-07,11.1833
2014-10-08,11.3033
2014-10-09,11.0833
2014-10-10,10.4995
2014-10-13,10.3093
2014-10-14,10.3867
2014-10-15,10.4421
2014-10-16,10.64
2014-10-17,10.7513
2014-10-20,10.81
2014-10-21,11.1433
2014-10-22,10.9585
2014-10-23,11.2767
2014-10-24,11.3333
2014-10-27,11.3433
2014-10-28,11.65
2014-10-29,11.6334
2014-10-30,11.6867
2014-10-31,12.0349
2014-11-03,12.1134
2014-11-04,12.0867
2014-11-05,12.158
2014-11-06,12.2067
2014-11-07,12.2033
2014-11-10,12.25
2014-11-11,12.2533
2014-11-12,12.2443
2014-11-13,12.2233
2014-11-14,12.3433
2014-11-17,12.24
2014-11-18,12.4167
2014-11-19,12.2633
2014-11-20,12.3733
2014-11-21,12.45
2014-11-24,12.6133
2014-11-25,12.6
2014-11-26,12.7356
2014-11-28,12.7217
2014-12-01,12.5137
2014-12-02,12.6
2014-12-03,12.75
2014-12-04,12.77
2014-12-05,12.84
2014-12-08,12.6634
2014-12-09,12.7933
2014-12-10,12.5833
2014-12-11,12.69
2014-12-12,12.5167
2014-12-15,12.4167
2014-12-16,12.2967
2014-12-17,12.59
2014-12-18,12.8713
2014-12-19,12.85
2014-12-22,12.96
2014-12-23,12.9467
2014-12-24,13.0
2014-12-26,13.0333
2014-12-29,12.9867
2014-12-30,12.93
2014-12-31,12.79
2015-01-02,12.59
2015-01-05,12.43
2015-01-06,12.2267
2015-01-07,12.41
2015-01-08,12.7467
2015-01-09,12.6767
2015-01-12,12.5514
2015-01-13,12.4833
2015-01-14,12.47
2015-01-15,12.2417
2015-01-16,12.4548
2015-01-20,12.5333
2015-01-21,12.554
2015-01-22,12.707
2015-01-23,12.85
2015-01-26,12.8467
2015-01-27,12.7
2015-01-28,12.69
2015-01-29,12.78
2015-01-30,12.6203
2015-02-02,12.6567
2015-02-03,12.8277
2015-02-04,12.92
2015-02-05,13.0533
2015-02-06,12.973
2015-02-09,12.8667
2015-02-10,13.0723
2015-02-11,13.1393
2015-02-12,13.2567
2015-02-13,13.358
2015-02-17,13.3473
2015-02-18,13.3933
2015-02-19,13.4533
2015-02-20,13.6167
2015-02-23,13.5592
2015-02-24,13.6267
2015-02-25,13.5333
2015-02-26,13.6173
2015-02-27,13.5513
2015-03-02,13.8001
2015-03-03,13.67
2015-03-04,13.6476
2015-03-05,13.6666
2015-03-06,13.4933
2015-03-09,13.5267
2015-03-10,13.31
2015-03-11,13.3567
2015-03-12,13.5333
2015-03-13,13.5067
2015-03-16,13.72
2015-03-17,13.7733
2015-03-18,13.9267
2015-03-19,13.9867
2015-03-20,14.1043
2015-03-23,14.0666
2015-03-24,13.935
2015-03-25,13.4433
2015-03-26,13.4503
2015-03-27,13.6019
2015-03-30,13.83
2015-03-31,13.6967
2015-04-01,13.54
2015-04-02,13.61
2015-04-06,13.7249
2015-04-07,13.6682
2015-04-08,13.7733
2015-04-09,13.8333
2015-04-10,13.936
2015-04-13,13.8551
2015-04-14,13.7767
2015-04-15,13.87
2015-04-16,13.8733
2015-04-17,13.51
2015-04-20,13.83
2015-04-21,13.92
2015-04-22,13.9303
2015-04-23,13.9567
2015-04-24,13.7833
2015-04-27,13.7733
2015-04-28,13.7815
2015-04-29,13.7367
2015-04-30,13.4367
2015-05-01,13.72
2015-05-04,13.7967
2015-05-05,13.52
2015-05-06,13.5167
2015-05-07,13.6167
2015-05-08,13.7567
2015-05-11,13.7533
2015-05-12,13.7567
2015-05-13,13.79
2015-05-14,14.0315
2015-05-15,13.97
2015-05-18,14.2182
2015-05-19,14.2033
2015-05-20,14.2133
2015-05-21,14.24
2015-05-22,14.3133
2015-05-26,14.15
2015-05-27,14.3783
2015-05-28,14.4017
2015-05-29,14.3333
2015-06-01,14.39
2015-06-02,14.3467
2015-06-03,14.4767
2015-06-04,14.334
2015-06-05,14.44
2015-06-08,14.2733
2015-06-09,14.27
2015-06-10,14.4867
2015-06-11,14.4667
2015-06-12,14.4567
2015-06-15,14.4433
2015-06-16,14.5167
2015-06-17,14.5667
2015-06-18,14.77
2015-06-19,14.6967
2015-06-22,14.6967
2015-06-23,14.72
2015-06-24,14.5667
2015-06-25,14.5833
2015-06-26,14.3633
2015-06-29,14.0667
2015-06-30,14.17
2015-07-01,14.2067
2015-07-02,14.2
2015-07-06,14.0367
2015-07-07,14.04
2015-07-08,13.8233
2015-07-09,13.8367
2015-07-10,14.06
2015-07-13,14.1667
2015-07-14,14.3233
2015-07-15,14.2233
2015-07-16,14.3533
2015-07-17,14.3767
2015-07-20,14.44
2015-07-21,14.3633
2015-07-22,14.26
2015-07-23,14.35
2015-07-24,14.2468
2015-07-27,13.9933
2015-07-28,14.17
2015-07-29,14.21
2015-07-30,14.2684
2015-07-31,14.22
2015-08-03,14.15
2015-08-04,14.1033
2015-08-05,14.2233
2015-08-06,13.8433
2015-08-07,13.8567
2015-08-10,14.1033
2015-08-11,13.7867
2015-08-12,13.8167
2015-08-13,13.8029
2015-08-14,13.8367
2015-08-17,13.99
2015-08-18,13.8167
2015-08-19,13.7567
2015-08-20,13.2167
2015-08-21,12.8433
2015-08-24,12.3633
2015-08-25,12.3233
2015-08-26,12.7367
2015-08-27,13.0733
2015-08-28,13.1467
2015-08-31,13.02
2015-09-01,12.68
2015-09-02,12.8867
2015-09-03,12.96
2015-09-04,12.8167
2015-09-08,13.2367
2015-09-09,13.03
2015-09-10,13.1697
2015-09-11,13.2313
2015-09-14,13.2573
2015-09-15,13.4367
2015-09-16,13.45
2015-09-17,13.4672
2015-09-18,13.3267
2015-09-21,13.4067
2015-09-22,13.19
2015-09-23,13.2233
2015-09-24,13.0833
2015-09-25,13.05
2015-09-28,12.6233
2015-09-29,12.5433
2015-09-30,12.8633
2015-10-01,12.8567
2015-10-02,13.0467
2015-10-05,13.3733
2015-10-06,13.2333
2015-10-07,13.3433
2015-10-08,13.32
2015-10-09,13.3967
2015-10-12,13.3867
2015-10-13,13.2111
2015-10-14,13.0933
2015-10-15,13.3867
2015-10-16,13.4967
2015-10-19,13.4967
2015-10-20,13.42
2015-10-21,13.21
2015-10-22,13.61
2015-10-23,13.7433
2015-10-26,13.68
2015-10-27,13.6167
2015-10-28,13.9433
2015-10-29,13.6733
2015-10-30,13.77
2015-11-02,13.8333
2015-11-03,13.8267
2015-11-04,13.9167
2015-11-05,13.7067
2015-11-06,13.93
2015-11-09,13.7733
2015-11-10,13.7467
2015-11-11,13.7833
2015-11-12,13.67
2015-11-13,13.4033
2015-11-16,13.5234
2015-11-17,13.5667
2015-11-18,13.7833
2015-11-19,13.8133
2015-11-20,13.78
2015-11-23,13.7467
2015-11-24,13.8
2015-11-25,13.87
2015-11-27,13.9167
2015-11-30,13.92
2015-12-01,13.9933
2015-12-02,13.8683
2015-12-03,13.63
2015-12-04,13.8833
2015-12-07,13.7433
2015-12-08,13.7824
2015-12-09,13.4925
2015-12-10,13.5033
2015-12-11,13.1867
2015-12-14,13.1867
2015-12-15,13.3467
2015-12-16,13.5633
2015-12-17,13.4367
2015-12-18,13.2033
2015-12-21,13.2667
2015-12-22,13.3467
2015-12-23,13.4333
2015-12-24,13.4453
2015-12-28,13.41
2015-12-29,13.5763
2015-12-30,13.43
2015-12-31,13.23
2016-01-04,12.8767
2016-01-05,12.7833
2016-01-06,12.6633
2016-01-07,12.2068
2016-01-08,12.0133
2016-01-11,12.0267
2016-01-12,12.1467
2016-01-13,11.7167
2016-01-14,11.9667
2016-01-15,11.6514
2016-01-19,11.5567
2016-01-20,11.6967
2016-01-21,11.7367
2016-01-22,12.0967
2016-01-25,11.81
2016-01-26,11.92
2016-01-27,11.67
2016-01-28,11.709
2016-01-29,12.0333
2016-02-01,12.0833
2016-02-02,11.6367
2016-02-03,11.6267
2016-02-04,11.63
2016-02-05,10.9333
2016-02-08,10.4433
2016-02-09,10.4167
2016-02-10,10.4933
2016-02-11,10.5167
2016-02-12,10.5667
2016-02-16,10.8967
2016-02-17,11.2
2016-02-18,11.03
2016-02-19,11.15
2016-02-22,11.3333
2016-02-23,11.1633
2016-02-24,11.28
2016-02-25,11.4567
2016-02-26,11.61
2016-02-29,11.5933
2016-03-01,11.9067
2016-03-02,11.95
2016-03-03,12.0233
2016-03-04,12.05
2016-03-07,12.0333
2016-03-08,11.81
2016-03-09,11.8633
2016-03-10,11.7733
2016-03-11,12.01
2016-03-14,12.0167
2016-03-15,11.94
2016-03-16,12.0833
2016-03-17,12.1433
2016-03-18,12.24
2016-03-21,12.1754
2016-03-22,12.1667
2016-03-23,12.0
2016-03-24,11.99
2016-03-28,12.03
2016-03-29,12.2841
2016-03-30,12.3433
2016-03-31,12.3933
2016-04-01,12.4633
2016-04-04,12.36
2016-04-05,12.2233
2016-04-06,12.3567
2016-04-07,12.2
2016-04-08,12.1733
2016-04-11,12.0633
2016-04-12,12.0433
2016-04-13,12.2833
2016-04-14,12.1967
2016-04-15,12.1933
2016-04-18,12.27
2016-04-19,12.2433
2016-04-20,12.2833
2016-04-21,12.2
2016-04-22,12.2067
2016-04-25,12.1733
2016-04-26,12.26
2016-04-27,12.36
2016-04-28,12.22
2016-04-29,12.0467
2016-05-02,12.1567
2016-05-03,11.9833
2016-05-04,11.81
2016-05-05,11.74
2016-05-06,11.81
2016-05-09,11.88
2016-05-10,12.0367
2016-05-11,11.9367
2016-05-12,11.88
2016-05-13,11.89
2016-05-16,12.0233
2016-05-17,11.8133
2016-05-18,11.8967
2016-05-19,11.8133
2016-05-20,11.99
2016-05-23,11.99
2016-05-24,12.28
2016-05-25,12.4567
2016-05-26,12.4667
2016-05-27,12.5433
2016-05-31,12.55
2016-06-01,12.5933
2016-06-02,12.65
2016-06-03,12.6
2016-06-06,12.6967
2016-06-07,12.7467
2016-06-08,12.8
2016-06-09,12.8133
2016-06-10,12.6167
2016-06-13,12.52
2016-06-14,12.5633
2016-06-15,12.56
2016-06-16,12.5633
2016-06-17,12.4633
2016-06-20,12.6067
2016-06-21,12.65
2016-06-22,12.57
2016-06-23,12.75
2016-06-24,12.2267
2016-06-27,11.86
2016-06-28,12.15
2016-06-29,12.3924
2016-06-30,12.6033
2016-07-01,12.5967
2016-07-05,12.4633
2016-07-06,12.5667
2016-07-07,12.6267
2016-07-08,12.8833
2016-07-11,12.9965
2016-07-12,13.0733
2016-07-13,13.0274
2016-07-14,13.0567
2016-07-15,13.0133
2016-07-18,13.11
2016-07-19,13.0767
2016-07-20,13.1877
2016-07-21,12.9733
2016-07-22,13.1827
2016-07-25,13.27
2016-07-26,13.3867
2016-07-27,13.3833
2016-07-28,13.3667
2016-07-29,13.383
2016-08-01,13.3933
2016-08-02,13.1867
2016-08-03,13.1533
2016-08-04,13.2433
2016-08-05,13.3567
2016-08-08,13.3233
2016-08-09,13.31
2016-08-10,13.2567
2016-08-11,13.3433
2016-08-12,13.3667
2016-08-15,13.4566
2016-08-16,13.28
2016-08-17,13.17
2016-08-18,13.26
2016-08-19,13.3767
2016-08-22,13.4034
2016-08-23,13.54
2016-08-24,13.4233
2016-08-25,13.46
2016-08-26,13.4967
2016-08-29,13.5333
2016-08-30,13.53
2016-08-31,13.4967
2016-09-01,13.5633
2016-09-02,13.69
2016-09-06,13.6967
2016-09-07,13.66
2016-09-08,13.5233
2016-09-09,13.196
2016-09-12,13.304
2016-09-13,13.1133
2016-09-14,13.2234
2016-09-15,13.45
2016-09-16,13.4325
2016-09-19,13.5007
2016-09-20,13.4567
2016-09-21,13.6533
2016-09-22,13.77
2016-09-23,13.69
2016-09-26,13.5667
2016-09-27,13.7333
2016-09-28,13.8133
2016-09-29,13.7311
2016-09-30,13.8533
2016-10-03,13.7367
2016-10-04,13.6933
2016-10-05,13.7733
2016-10-06,13.7434
2016-10-07,13.6661
2016-10-10,13.71
2016-10-11,13.3607
2016-10-12,13.4109
2016-10-13,13.3467
2016-10-14,13.3567
2016-10-17,13.3193
2016-10-18,13.4267
2016-10-19,13.431
2016-10-20,13.3967
2016-10-21,13.4067
2016-10-24,13.7005
2016-10-25,13.5464
2016-10-26,13.47
2016-10-27,13.0033
2016-10-28,13.1595
2016-10-31,13.143
2016-11-01,13.0367
2016-11-02,12.8667
2016-11-03,12.795
2016-11-04,12.795
2016-11-07,13.17
2016-11-08,13.2567
2016-11-09,13.3067
2016-11-10,12.9933
2016-11-11,13.35
2016-11-14,13.1269
2016-11-15,13.3033
2016-11-16,13.52
2016-11-17,13.63
2016-11-18,13.7033
2016-11-21,13.7533
2016-11-22,13.8467
2016-11-23,13.82
2016-11-25,13.8467
2016-11-28,13.7367
2016-11-29,13.7193
2016-11-30,13.4433
2016-12-01,12.88
2016-12-02,12.9043
2016-12-05,13.2365
2016-12-06,13.3094
2016-12-07,13.5033
2016-12-08,13.6699
2016-12-09,13.4833
2016-12-12,13.37
2016-12-13,13.4867
2016-12-14,13.4133
2016-12-15,13.5233
2016-12-16,13.4533
2016-12-19,13.5533
2016-12-20,13.6467
2016-12-21,13.6888
2016-12-22,13.5733
2016-12-23,13.6033
2016-12-27,13.79
2016-12-28,13.4956
2016-12-29,13.4867
2016-12-30,13.3067
2017-01-03,13.31
2017-01-04,13.5133
2017-01-05,13.4617
2017-01-06,13.4667
2017-01-09,13.5467
2017-01-10,13.6267
2017-01-11,13.6267
2017-01-12,13.6033
2017-01-13,13.7133
2017-01-17,13.4615
2017-01-18,13.5667
2017-01-19,13.6054
2017-01-20,13.6532
2017-01-23,13.6467
2017-01-24,13.8988
2017-01-25,14.06
2017-01-26,14.02
2017-01-27,14.0333
2017-01-30,13.9267
2017-01-31,13.9167
2017-02-01,14.14
2017-02-02,14.0967
2017-02-03,14.257
2017-02-06,14.32
2017-02-07,14.3633
2017-02-08,14.3619
2017-02-09,14.4333
2017-02-10,14.4267
2017-02-13,14.4416
2017-02-14,14.3867
2017-02-15,14.42
2017-02-16,14.4
2017-02-17,14.45
2017-02-21,14.622
2017-02-22,14.65
2017-02-23,14.4267
2017-02-24,14.5683
2017-02-27,14.6767
2017-02-28,14.49
2017-03-01,14.7628
2017-03-02,14.5533
2017-03-03,14.5967
2017-03-06,14.5367
2017-03-07,14.537
2017-03-08,14.5167
2017-03-09,14.48
2017-03-10,14.49
2017-03-13,14.5817
2017-03-14,14.5233
2017-03-15,14.6867
2017-03-16,14.7067
2017-03-17,14.7967
2017-03-20,14.8867
2017-03-21,14.51
2017-03-22,14.6333
2017-03-23,14.6269
2017-03-24,14.74
2017-03-27,14.77
2017-03-28,14.8437
2017-03-29,14.88
2017-03-30,14.9033
2017-03-31,14.8833
2017-04-03,14.7367
2017-04-04,14.6733
2017-04-05,14.49
2017-04-06,14.5333
2017-04-07,14.5667
2017-04-10,14.5133
2017-04-11,14.4763
2017-04-12,14.34
2017-04-13,14.35
2017-04-17,14.4367
2017-04-18,14.5133
2017-04-19,14.568
2017-04-20,14.7667
2017-04-21,14.7167
2017-04-24,14.9267
2017-04-25,15.1017
2017-04-26,14.9224
2017-04-27,15.1333
2017-04-28,15.07
2017-05-01,15.2667
2017-05-02,15.0267
2017-05-03,14.9175
2017-05-04,14.9567
2017-05-05,15.1367
2017-05-08,15.1033
2017-05-09,15.2433
2017-05-10,15.3833
2017-05-11,15.4231
2017-05-12,15.42
2017-05-15,15.5367
2017-05-16,15.7267
2017-05-17,15.1033
2017-05-18,15.2333
2017-05-19,15.335
2017-05-22,15.5933
2017-05-23,15.5567
2017-05-24,15.68
2017-05-25,15.8051
2017-05-26,15.8933
2017-05-30,15.91
2017-05-31,15.86
2017-06-01,15.95
2017-06-02,16.1433
2017-06-05,16.12
2017-06-06,16.2033
2017-06-07,16.2433
2017-06-08,16.3667
2017-06-09,15.7533
2017-06-12,15.6333
2017-06-13,15.72
2017-06-14,15.5367
2017-06-15,15.464
2017-06-16,15.4567
2017-06-19,15.7533
2017-06-20,15.63
2017-06-21,15.8033
2017-06-22,15.8733
2017-06-23,16.0093
2017-06-26,15.8733
2017-06-27,15.4167
2017-06-28,15.7
2017-06-29,15.34
2017-06-30,15.3067
2017-07-03,15.0767
2017-07-05,15.3067
2017-07-06,15.1733
2017-07-07,15.516
2017-07-10,15.6967
2017-07-11,15.86
2017-07-12,16.1067
2017-07-13,16.04
2017-07-14,16.2422
2017-07-17,16.2133
2017-07-18,16.2033
2017-07-19,16.4667
2017-07-20,16.4533
2017-07-21,16.4133
2017-07-24,16.5933
2017-07-25,16.62
2017-07-26,16.728
2017-07-27,16.44
2017-07-28,16.3967
2017-07-31,16.29
2017-08-01,16.37
2017-08-02,16.0481
2017-08-03,15.9777
2017-08-04,15.7317
2017-08-07,15.9967
2017-08-08,15.9567
2017-08-09,15.8267
2017-08-10,15.3067
2017-08-11,15.4669
2017-08-14,15.8967
2017-08-15,15.8757
2017-08-16,15.8833
2017-08-17,15.53
2017-08-18,15.6533
2017-08-21,15.5
2017-08-22,15.81
2017-08-23,15.8867
2017-08-24,15.8433
2017-08-25,15.7333
2017-08-28,15.8167
2017-08-29,15.925
2017-08-30,16.1167
2017-08-31,16.23
2017-09-01,16.2935
2017-09-05,16.1475
2017-09-06,16.1349
2017-09-07,16.1764
2017-09-08,16.0022
2017-09-11,16.34
2017-09-12,16.29
2017-09-13,16.3067
2017-09-14,16.3133
2017-09-15,16.4567
2017-09-18,16.68
2017-09-19,16.8
2017-09-20,16.5533
2017-09-21,16.4533
2017-09-22,16.5867
2017-09-25,16.13
2017-09-26,16.1687
2017-09-27,16.61
2017-09-28,16.62
2017-09-29,16.8633
2017-10-02,16.936
2017-10-03,17.0767
2017-10-04,17.0767
2017-10-05,17.1033
2017-10-06,17.19
2017-10-09,17.22
2017-10-10,17.245
2017-10-11,17.3967
2017-10-12,17.4867
2017-10-13,17.54
2017-10-16,17.5497
2017-10-17,17.51
2017-10-18,17.5867
2017-10-19,17.4567
2017-10-20,17.6417
2017-10-23,17.5781
2017-10-24,17.6506
2017-10-25,17.4503
2017-10-26,17.4735
2017-10-27,17.7367
2017-10-30,17.6273
2017-10-31,17.9
2017-11-01,17.5974
2017-11-02,17.7167
2017-11-03,18.0333
2017-11-06,18.14
2017-11-07,17.9749
2017-11-08,18.0633
2017-11-09,17.7437
2017-11-10,17.9507
2017-11-13,18.006
2017-11-14,18.01
2017-11-15,17.9102
2017-11-16,18.281
2017-11-17,18.28
2017-11-20,18.4733
2017-11-21,18.7733
2017-11-22,18.648
2017-11-24,18.7923
2017-11-27,18.5967
2017-11-28,18.5733
2017-11-29,17.8076
2017-11-30,17.8667
2017-12-01,17.6633
2017-12-04,17.06
2017-12-05,17.172
2017-12-06,17.2267
2017-12-07,17.4983
2017-12-08,17.4657
2017-12-11,17.51
2017-12-12,17.3633
2017-12-13,17.4433
2017-12-14,17.5333
2017-12-15,17.6833
2017-12-18,17.8867
2017-12-19,17.7567
2017-12-20,17.7537
2017-12-21,17.701
2017-12-22,17.5975
2017-12-26,17.4833
2017-12-27,17.5783
2017-12-28,17.59
2017-12-29,17.565
2018-01-02,17.5903
2018-01-03,17.8564
2018-01-04,17.9606
2018-01-05,18.0873
2018-01-08,18.2479
2018-01-09,18.1767
2018-01-10,18.0633
2018-01-11,18.19
2018-01-12,18.36
2018-01-16,18.23
2018-01-17,18.4803
2018-01-18,18.6285
2018-01-19,18.73
2018-01-22,18.8233
2018-01-23,18.9733
2018-01-24,18.7465
2018-01-25,18.7433
2018-01-26,19.1033
2018-01-29,18.8767
2018-01-30,18.85
2018-01-31,18.9277
2018-02-01,18.76
2018-02-02,18.4
2018-02-05,17.6767
2018-02-06,17.95
2018-02-07,18.01
2018-02-08,17.32
2018-02-09,17.7367
2018-02-12,17.9452
2018-02-13,18.1067
2018-02-14,18.51
2018-02-15,18.8967
2018-02-16,18.9242
2018-02-20,18.9197
2018-02-21,18.87
2018-02-22,18.86
2018-02-23,19.088
2018-02-26,19.32
2018-02-27,19.2667
2018-02-28,19.19
2018-03-01,18.8333
2018-03-02,19.1867
2018-03-05,19.3333
2018-03-06,19.5333
2018-03-07,19.7667
2018-03-08,19.8833
2018-03-09,20.1733
2018-03-12,20.2798
2018-03-13,20.06
2018-03-14,20.1374
2018-03-15,20.1167
2018-03-16,20.1073
2018-03-19,19.7933
2018-03-20,20.0333
2018-03-21,20.08
2018-03-22,19.6733
2018-03-23,19.06
2018-03-26,19.618
2018-03-27,18.9467
2018-03-28,18.6267
2018-03-29,19.0867
2018-04-02,18.55
2018-04-03,18.72
2018-04-04,18.96
2018-04-05,18.9531
2018-04-06,18.4876
2018-04-09,18.6075
2018-04-10,19.0667
2018-04-11,19.055
2018-04-12,19.37
2018-04-13,19.1607
2018-04-16,19.3178
2018-04-17,19.8033
2018-04-18,19.8767
2018-04-19,19.4803
2018-04-20,19.2767
2018-04-23,19.1027
2018-04-24,18.6267
2018-04-25,18.4933
2018-04-26,18.94
2018-04-27,19.075
2018-04-30,18.722
2018-05-01,18.76
2018-05-02,19.0133
2018-05-03,19.0383
2018-05-04,19.45
2018-05-07,19.6967
2018-05-08,19.8202
2018-05-09,20.0367
2018-05-10,20.3133
2018-05-11,20.1609
2018-05-14,19.9367
2018-05-15,19.7767
2018-05-16,20.01
2018-05-17,20.001
2018-05-18,19.998
2018-05-21,20.0733
2018-05-22,19.8567
2018-05-23,19.9868
2018-05-24,20.0933
2018-05-25,20.1167
2018-05-29,20.2033
2018-05-30,20.4567
2018-05-31,20.3469
2018-06-01,20.6633
2018-06-04,20.9071
2018-06-05,21.0807
2018-06-06,21.1833
2018-06-07,20.7153
2018-06-08,20.823
2018-06-11,20.96
2018-06-12,21.2833
2018-06-13,21.2883
2018-06-14,21.4533
2018-06-15,21.3917
2018-06-18,21.5567
2018-06-19,21.3133
2018-06-20,21.424
2018-06-21,21.1433
2018-06-22,20.793
2018-06-25,20.0354
2018-06-26,20.188
2018-06-27,19.76
2018-06-28,19.9167
2018-06-29,19.9733
2018-07-02,20.2333
2018-07-03,20.1103
2018-07-05,20.4133
2018-07-06,20.7467
2018-07-09,20.8067
2018-07-10,20.7833
2018-07-11,20.7413
2018-07-12,21.1767
2018-07-13,21.1018
2018-07-16,20.9727
2018-07-17,21.3013
2018-07-18,21.2967
2018-07-19,21.2767
2018-07-20,21.17
2018-07-23,21.2352
2018-07-24,20.87
2018-07-25,21.41
2018-07-26,21.4539
2018-07-27,20.6967
2018-07-30,19.9867
2018-07-31,19.96
2018-08-01,20.4667
2018-08-02,20.872
2018-08-03,20.6567
2018-08-06,20.9658
2018-08-07,21.2767
2018-08-08,21.1781
2018-08-09,21.1933
2018-08-10,21.2133
2018-08-13,21.0867
2018-08-14,21.3
2018-08-15,21.02
2018-08-16,21.1567
2018-08-17,21.0767
2018-08-20,21.26
2018-08-21,21.3
2018-08-22,21.5828
2018-08-23,21.8173
2018-08-24,22.1967
2018-08-27,22.3067
2018-08-28,22.4333
2018-08-29,22.6067
2018-08-30,22.5839
2018-08-31,22.6767
2018-09-04,22.87
2018-09-05,22.19
2018-09-06,22.1333
2018-09-07,22.2612
2018-09-10,22.4267
2018-09-11,22.5833
2018-09-12,22.4633
2018-09-13,22.5215
2018-09-14,22.6033
2018-09-17,21.9067
2018-09-18,22.1367
2018-09-19,21.6953
2018-09-20,21.8367
2018-09-21,21.5108
2018-09-24,21.5867
2018-09-25,22.0033
2018-09-26,21.7644
2018-09-27,21.8808
2018-09-28,22.0166
2018-10-01,21.71
2018-10-02,21.2036
2018-10-03,21.4633
2018-10-04,20.9833
2018-10-05,20.8553
2018-10-08,20.16
2018-10-09,20.0767
2018-10-10,18.9367
2018-10-11,18.5467
2018-10-12,19.0299
2018-10-15,19.0833
2018-10-16,19.8567
2018-10-17,19.7833
2018-10-18,19.2833
2018-10-19,18.7
2018-10-22,19.0237
2018-10-23,18.9067
2018-10-24,17.9733
2018-10-25,18.4567
2018-10-26,18.0967
2018-10-29,17.8
2018-10-30,18.256
2018-10-31,18.9134
2018-11-01,19.2761
2018-11-02,19.0957
2018-11-05,18.7167
2018-11-06,18.7
2018-11-07,19.7733
2018-11-08,19.51
2018-11-09,19.13
2018-11-12,18.3933
2018-11-13,18.3471
2018-11-14,18.2467
2018-11-15,18.7799
2018-11-16,18.7223
2018-11-19,17.25
2018-11-20,17.0067
2018-11-21,17.3473
2018-11-23,17.4367
2018-11-26,17.97
2018-11-27,17.78
2018-11-28,18.6067
2018-11-29,18.7519
2018-11-30,18.86
2018-12-03,19.3067
2018-12-04,18.3633
2018-12-06,18.48
2018-12-07,18.0167
2018-12-10,18.3064
2018-12-11,18.3467
2018-12-12,18.6667
2018-12-13,18.5833
2018-12-14,18.1867
2018-12-17,17.4733
2018-12-18,17.6867
2018-12-19,17.5067
2018-12-20,16.95
2018-12-21,16.2533
2018-12-24,16.11
2018-12-26,16.9633
2018-12-27,17.1467
2018-12-28,17.3496
2018-12-31,17.5567
2019-01-02,17.4137
2019-01-03,16.8847
2019-01-04,17.6289
2019-01-07,18.1897
2019-01-08,18.4433
2019-01-09,18.4867
2019-01-10,18.5167
2019-01-11,18.5533
2019-01-14,18.33
2019-01-15,18.6467
2019-01-16,18.6401
2019-01-17,18.8671
2019-01-18,19.2303
2019-01-22,18.8733
2019-01-23,18.9767
2019-01-24,19.1067
2019-01-25,19.46
2019-01-28,19.29
2019-01-29,19.0782
2019-01-30,19.609
2019-01-31,20.09
2019-02-01,20.2388
2019-02-04,20.4347
2019-02-05,20.5272
2019-02-06,20.3074
2019-02-07,20.2567
2019-02-08,20.4425
2019-02-11,20.424
2019-02-12,20.8625
2019-02-13,20.8033
2019-02-14,20.9337
2019-02-15,21.06
2019-02-19,21.1573
2019-02-20,21.1133
2019-02-21,21.0284
2019-02-22,21.4267
2019-02-25,21.4
2019-02-26,21.3
2019-02-27,21.3267
2019-02-28,21.3189
2019-03-01,21.5995
2019-03-04,20.93
2019-03-05,21.0367
2019-03-06,20.7667
2019-03-07,20.7833
2019-03-08,20.7533
2019-03-11,21.3567
2019-03-12,21.4644
2019-03-13,21.641
2019-03-14,21.9619
2019-03-15,22.06
2019-03-18,22.2169
2019-03-19,22.3983
2019-03-20,22.54
2019-03-21,23.137
2019-03-22,22.37
2019-03-25,22.4167
2019-03-26,22.5028
2019-03-27,22.1667
2019-03-28,22.3516
2019-03-29,22.6
2019-04-01,22.7867
2019-04-02,22.8867
2019-04-03,23.02
2019-04-04,22.2662
2019-04-05,22.3033
2019-04-08,22.3033
2019-04-09,22.4167
2019-04-10,22.7667
2019-04-11,22.92
2019-04-12,22.9295
2019-04-15,23.0077
2019-04-16,22.7899
2019-04-17,22.4633
2019-04-18,22.3133
2019-04-22,22.85
2019-04-23,23.2493
2019-04-24,23.2767
2019-04-25,23.4545
2019-04-26,23.73
2019-04-29,23.8317
2019-04-30,23.93
2019-05-01,23.5317
2019-05-02,23.5067
2019-05-03,23.7467
2019-05-06,23.8149
2019-05-07,23.2667
2019-05-08,23.41
2019-05-09,23.5233
2019-05-10,23.5905
2019-05-13,22.44
2019-05-14,23.06
2019-05-15,23.41
2019-05-16,24.0733
2019-05-17,23.7301
2019-05-20,23.24
2019-05-21,23.6
2019-05-22,23.56
2019-05-23,22.98
2019-05-24,23.21
2019-05-28,23.1767
2019-05-29,22.7634
2019-05-30,23.0571
2019-05-31,22.877
2019-06-03,21.8967
2019-06-04,22.8
2019-06-05,23.42
2019-06-06,23.6067
2019-06-07,24.0967
2019-06-10,24.42
2019-06-11,23.8933
2019-06-12,24.2133
2019-06-13,24.1933
2019-06-14,24.0567
2019-06-17,24.2933
2019-06-18,24.4567
2019-06-19,24.8967
2019-06-20,25.15
2019-06-21,24.75
2019-06-24,24.4433
2019-06-25,23.7733
2019-06-26,23.6883
2019-06-27,24.1567
2019-06-28,24.2933
2019-07-01,24.5233
2019-07-02,24.7833
2019-07-03,25.13
2019-07-05,25.3267
2019-07-08,25.3033
2019-07-09,25.6267
2019-07-10,25.8067
2019-07-11,25.7933
2019-07-12,25.87
2019-07-15,25.9833
2019-07-16,25.72
2019-07-17,25.9167
2019-07-18,26.0367
2019-07-19,25.7733
2019-07-22,25.8933
2019-07-23,25.6267
2019-07-24,26.0533
2019-07-25,25.9333
2019-07-26,26.38
2019-07-29,25.8333
2019-07-30,25.8
2019-07-31,26.1133
2019-08-01,26.31
2019-08-02,25.9533
2019-08-05,24.72
2019-08-06,25.0033
2019-08-07,25.58
2019-08-08,26.4933
2019-08-09,26.31
2019-08-12,25.7667
2019-08-13,26.25
2019-08-14,25.28
2019-08-15,25.3267
2019-08-16,25.92
2019-08-19,25.9067
2019-08-20,26.0633
2019-08-21,26.77
2019-08-22,26.6267
2019-08-23,26.1467
2019-08-26,26.5996
2019-08-27,26.55
2019-08-28,26.3533
2019-08-29,26.56
2019-08-30,26.2233
2019-09-03,25.8367
2019-09-04,26.16
2019-09-05,26.04
2019-09-06,25.46
2019-09-09,24.2433
2019-09-10,23.62
2019-09-11,23.63
2019-09-12,23.7233
2019-09-13,23.33
2019-09-16,23.6367
2019-09-17,24.1633
2019-09-18,24.0667
2019-09-19,24.23
2019-09-20,24.2567
2019-09-23,24.2033
2019-09-24,23.4
2019-09-25,23.4767
2019-09-26,23.3483
2019-09-27,22.6267
2019-09-30,22.8633
2019-10-01,22.58
2019-10-02,22.1633
2019-10-03,22.58
2019-10-04,23.35
2019-10-07,23.4367
2019-10-08,22.91
2019-10-09,23.1833
2019-10-10,23.33
2019-10-11,23.6
2019-10-14,23.65
2019-10-15,23.9133
2019-10-16,23.4133
2019-10-17,23.4567
2019-10-18,23.0167
2019-10-21,23.1833
2019-10-22,22.5567
2019-10-23,22.4933
2019-10-24,23.05
2019-10-25,23.27
2019-10-28,23.5433
2019-10-29,23.4933
2019-10-30,23.9367
2019-10-31,23.8233
2019-11-01,24.0233
2019-11-04,23.9333
2019-11-05,23.9167
2019-11-06,23.9133
2019-11-07,23.9867
2019-11-08,24.05
2019-11-11,24.1833
2019-11-12,24.42
2019-11-13,24.6733
2019-11-14,24.75
2019-11-15,24.91
2019-11-18,24.9339
2019-11-19,25.2769
2019-11-20,25.2233
2019-11-21,24.9133
2019-11-22,24.7833
2019-11-25,25.1342
2019-11-26,25.29
2019-11-27,25.4418
2019-11-29,25.3112
2019-12-02,24.7501
2019-12-03,24.7167
2019-12-04,24.8394
2019-12-05,24.7867
2019-12-06,24.9693
2019-12-09,24.7733
2019-12-10,24.72
2019-12-11,24.7953
2019-12-12,24.8872
2019-12-13,25.0633
2019-12-16,25.3833
2019-12-17,25.334
2019-12-18,25.47
2019-12-19,25.6333
2019-12-20,25.86
2019-12-23,25.8969
2019-12-24,25.95
2019-12-26,26.1119
2019-12-27,25.9916
2019-12-30,25.6722
2019-12-31,25.7567
2020-01-02,26.2367
2020-01-03,26.1067
2020-01-06,26.0548
2020-01-07,26.2367
2020-01-08,26.4033
2020-01-09,26.5733
2020-01-10,26.4468
2020-01-13,27.07
2020-01-14,27.1533
2020-01-15,27.0467
2020-01-16,27.4967
2020-01-17,27.6133
2020-01-21,27.7342
2020-01-22,27.8033
2020-01-23,28.045
2020-01-24,27.78
2020-01-27,27.0367
2020-01-28,27.5467
2020-01-29,27.3467
2020-01-30,27.4419
2020-01-31,26.6633
2020-02-03,27.1033
2020-02-04,28.0133
2020-02-05,27.7833
2020-02-06,27.78
2020-02-07,27.4667
2020-02-10,28.0675
2020-02-11,28.2754
2020-02-12,28.6367
2020-02-13,28.86
2020-02-14,28.9867
2020-02-18,28.9667
2020-02-19,29.5367
2020-02-20,29.1
2020-02-21,28.2867
2020-02-24,27.16
2020-02-25,26.2768
2020-02-26,26.4033
2020-02-27,25.4233
2020-02-28,25.6767
2020-03-02,26.6767
2020-03-03,25.9267
2020-03-04,26.6367
2020-03-05,25.9567
2020-03-06,25.2
2020-03-09,23.0167
2020-03-10,24.2533
2020-03-11,23.0833
2020-03-12,20.5933
2020-03-13,22.4167
2020-03-16,19.4435
2020-03-17,21.1
2020-03-18,19.3133
2020-03-19,20.1533
2020-03-20,19.5733
2020-03-23,19.7733
2020-03-24,21.8367
2020-03-25,21.8983
2020-03-26,23.1833
2020-03-27,22.4033
2020-03-30,22.9855
2020-03-31,22.5189
2020-04-01,21.5267
2020-04-02,21.4933
2020-04-03,21.207
2020-04-06,22.7164
2020-04-07,22.1967
2020-04-08,22.9072
2020-04-09,22.9279
2020-04-13,23.2233
2020-04-14,24.42
2020-04-15,24.4967
2020-04-16,25.0267
2020-04-17,25.2533
2020-04-20,25.46
2020-04-21,24.3567
2020-04-22,25.0533
2020-04-23,25.0233
2020-04-24,25.3167
2020-04-27,25.6267
2020-04-28,25.0733
2020-04-29,25.6833
2020-04-30,25.5567
2020-05-01,24.797
2020-05-04,25.4133
2020-05-05,25.963
2020-05-06,26.633
2020-05-07,27.6333
2020-05-08,28.24
2020-05-11,28.73
2020-05-12,28.3333
2020-05-13,27.7467
2020-05-14,27.8433
2020-05-15,28.2965
2020-05-18,28.37
2020-05-19,28.4972
2020-05-20,28.9767
2020-05-21,28.7667
2020-05-22,29.1972
2020-05-26,28.7067
2020-05-27,28.5126
2020-05-28,28.8542
2020-05-29,30.1067
2020-06-01,30.8333
2020-06-02,30.8033
2020-06-03,30.7033
2020-06-04,29.92
2020-06-05,30.0033
2020-06-08,30.1833
2020-06-09,30.26
2020-06-10,30.96
2020-06-11,29.4867
2020-06-12,29.75
2020-06-15,30.6167
2020-06-16,31.0367
2020-06-17,31.2209
2020-06-18,31.4833
2020-06-19,31.38
2020-06-22,32.1
2020-06-23,32.1448
2020-06-24,31.4123
2020-06-25,32.22
2020-06-26,31.9933
2020-06-29,31.6967
2020-06-30,32.48
2020-07-01,33.2133
2020-07-02,33.36
2020-07-06,33.7167
2020-07-07,33.8333
2020-07-08,35.01
2020-07-09,35.5
2020-07-10,35.0367
2020-07-13,33.0167
2020-07-14,33.3767
2020-07-15,33.3533
2020-07-16,32.8067
2020-07-17,33.25
2020-07-20,34.7033
2020-07-21,34.0917
2020-07-22,34.1167
2020-07-23,33.2867
2020-07-24,32.9242
2020-07-27,33.6568
2020-07-28,33.3333
2020-07-29,34.3667
2020-07-30,34.7693
2020-07-31,35.39
2020-08-03,36.4633
2020-08-04,36.3821
2020-08-05,36.2867
2020-08-06,35.7238
2020-08-07,34.2018
2020-08-10,33.481
2020-08-11,32.7167
2020-08-12,33.1667
2020-08-13,33.9067
2020-08-14,33.6967
2020-08-17,34.4905
2020-08-18,34.7261
2020-08-19,34.603
2020-08-20,35.4267
2020-08-21,35.2669
2020-08-24,35.0067
2020-08-25,35.4106
2020-08-26,36.5067
2020-08-27,36.1333
2020-08-28,36.43
2020-08-31,36.8388
2020-09-01,38.7933
2020-09-02,38.75
2020-09-03,35.8804
2020-09-04,34.86
2020-09-08,33.7267
2020-09-09,34.8167
2020-09-10,34.315
2020-09-11,33.6833
2020-09-14,34.5461
2020-09-15,35.0033
2020-09-16,34.5865
2020-09-17,34.0132
2020-09-18,34.0957
2020-09-21,35.11
2020-09-22,35.79
2020-09-23,34.8981
2020-09-24,34.6923
2020-09-25,35.92
2020-09-28,36.3522
2020-09-29,36.46
2020-09-30,36.68
2020-10-01,37.67
2020-10-02,37.0982
2020-10-05,38.0167
2020-10-06,38.0089
2020-10-07,38.98
2020-10-08,38.8667
2020-10-09,39.59
2020-10-12,40.1267
2020-10-13,40.6467
2020-10-14,40.34
2020-10-15,40.1211
2020-10-16,40.19
2020-10-19,39.8299
2020-10-20,39.6963
2020-10-21,38.91
2020-10-22,38.7767
2020-10-23,39.1867
2020-10-26,38.4333
2020-10-27,38.6961
2020-10-28,37.3363
2020-10-29,38.07
2020-10-30,36.6567
2020-11-02,36.6295
2020-11-03,37.6567
2020-11-04,39.7467
2020-11-05,41.5133
2020-11-06,42.4367
2020-11-09,39.443
2020-11-10,38.2033
2020-11-11,39.7979
2020-11-12,39.9333
2020-11-13,39.825
2020-11-16,39.8433
2020-11-17,40.1909
2020-11-18,39.91
2020-11-19,40.9548
2020-11-20,41.6599
2020-11-23,41.7467
2020-11-24,41.15
2020-11-25,41.9317
2020-11-27,42.8409
2020-11-30,43.1567
2020-12-01,42.947
2020-12-02,42.1967
2020-12-03,42.6667
2020-12-04,43.1881
2020-12-07,43.4346
2020-12-08,43.96
2020-12-09,42.68
2020-12-10,43.6367
2020-12-11,43.8561
2020-12-14,44.55
2020-12-15,45.3467
2020-12-16,45.84
2020-12-17,47.05
2020-12-18,47.4874
2020-12-21,47.7198
2020-12-22,49.0833
2020-12-23,48.4508
2020-12-24,48.2767
2020-12-28,47.2786
2020-12-29,46.4833
2020-12-30,47.1003
2020-12-31,46.8933
2021-01-04,46.2033
2021-01-05,46.7033
2021-01-06,45.83
2021-01-07,48.1467
2021-01-08,48.2367
2021-01-11,47.9262
2021-01-12,48.56
2021-01-13,48.7233
2021-01-14,49.07
2021-01-15,48.1177
2021-01-19,49.3333
2021-01-20,50.4733
2021-01-21,51.1134
2021-01-22,51.7233
2021-01-25,51.02
2021-01-26,50.0363
2021-01-27,47.9767
2021-01-28,49.5933
2021-01-29,48.6496
2021-02-01,49.6333
2021-02-02,51.0167
2021-02-03,51.1233
2021-02-04,52.14
2021-02-05,53.9267
2021-02-08,55.2067
2021-02-09,55.83
2021-02-10,55.8767
2021-02-11,57.17
2021-02-12,57.6633
2021-02-16,57.6058
2021-02-17,56.1
2021-02-18,55.04
2021-02-19,56.3667
2021-02-22,52.8667
2021-02-23,52.8933
2021-02-24,53.78
2021-02-25,50.7933
2021-02-26,52.1533
2021-03-01,55.1667
2021-03-02,53.3633
2021-03-03,50.17
2021-03-04,47.08
2021-03-05,46.4967
2021-03-08,43.56
2021-03-09,47.3967
2021-03-10,47.4267
2021-03-11,50.3183
2021-03-12,50.2533
2021-03-15,50.8133
2021-03-16,49.9633
2021-03-17,50.5
2021-03-18,47.4633
2021-03-19,48.57
2021-03-22,49.87
2021-03-23,48.4
2021-03-24,45.6967
2021-03-25,45.94
2021-03-26,46.2317
2021-03-29,44.4933
2021-03-30,44.9767
2021-03-31,47.92
2021-04-01,48.8633
2021-04-05,49.8967
2021-04-06,49.7533
2021-04-07,48.5967
2021-04-08,49.7167
2021-04-09,49.43
2021-04-12,49.1033
2021-04-13,49.1233
2021-04-14,48.54
2021-04-15,48.1933
2021-04-16,47.8867
2021-04-19,46.1933
2021-04-20,45.2433
2021-04-21,47.0967
2021-04-22,47.0211
2021-04-23,48.9078
2021-04-26,51.2733
2021-04-27,49.93
2021-04-28,49.6667
2021-04-29,48.4067
2021-04-30,47.6
2021-05-03,46.6667
2021-05-04,45.5767
2021-05-05,45.14
2021-05-06,44.1667
2021-05-07,45.2767
2021-05-10,42.86
2021-05-11,43.45
2021-05-12,40.99
2021-05-13,40.8833
2021-05-14,42.3867
2021-05-17,42.1467
2021-05-18,42.5433
2021-05-19,42.7867
2021-05-20,43.9933
2021-05-21,43.73
2021-05-24,44.67
2021-05-25,44.6367
2021-05-26,45.4333
2021-05-27,46.2133
2021-05-28,46.06
2021-06-01,46.3967
2021-06-02,46.5633
2021-06-03,45.6
2021-06-04,46.8833
2021-06-07,47.7533
2021-06-08,47.9433
2021-06-09,47.6033
2021-06-10,48.0067
2021-06-11,48.4067
2021-06-14,48.82
2021-06-15,47.93
2021-06-16,48.053
2021-06-17,48.59
2021-06-18,47.3333
2021-06-21,47.8267
2021-06-22,48.6767
2021-06-23,49.0733
2021-06-24,49.61
2021-06-25,49.3867
2021-06-28,50.5767
2021-06-29,50.4052
2021-06-30,49.8033
2021-07-01,49.565
2021-07-02,49.7567
2021-07-06,49.9933
2021-07-07,49.6933
2021-07-08,49.0733
2021-07-09,49.7717
2021-07-12,49.7833
2021-07-13,49.3433
2021-07-14,48.7333
2021-07-15,48.0567
2021-07-16,47.45
2021-07-19,47.4833
2021-07-20,48.7367
2021-07-21,49.77
2021-07-22,49.7133
2021-07-23,50.2933
2021-07-26,50.3233
2021-07-27,49.3
2021-07-28,50.1633
2021-07-29,50.4233
2021-07-30,50.3433
2021-08-02,50.46
2021-08-03,50.7333
2021-08-04,50.8467
2021-08-05,51.3133
2021-08-06,51.49
2021-08-09,51.61
2021-08-10,51.0667
2021-08-11,50.7
2021-08-12,50.8667
2021-08-13,50.8267
2021-08-16,50.4721
2021-08-17,49.5
2021-08-18,49.31
2021-08-19,49.26
2021-08-20,49.81
2021-08-23,51.07
2021-08-24,51.5146
2021-08-25,51.9567
2021-08-26,51.7977
2021-08-27,53.4833
2021-08-30,53.5467
2021-08-31,52.9694
2021-09-01,52.8767
2021-09-02,53.28
2021-09-03,54.4033
2021-09-07,53.7567
2021-09-08,52.95
2021-09-09,52.9633
2021-09-10,52.5367
2021-09-13,52.4461
2021-09-14,52.5802
2021-09-15,53.13
2021-09-16,53.5467
2021-09-17,52.93
2021-09-20,51.74
2021-09-21,51.8167
2021-09-22,52.8167
2021-09-23,53.906
2021-09-24,53.6024
2021-09-27,52.7286
2021-09-28,50.2958
2021-09-29,50.0767
2021-09-30,50.0733
2021-10-01,50.6633
2021-10-04,48.7067
2021-10-05,49.8867
2021-10-06,50.4533
2021-10-07,51.3833
2021-10-08,50.4933
2021-10-11,50.1967
2021-10-12,50.8267
2021-10-13,51.9167
2021-10-14,53.05
2021-10-15,53.175
2021-10-18,54.3075
2021-10-19,54.7333
2021-10-20,54.6433
2021-10-21,55.49
2021-10-22,54.8916
2021-10-25,55.3133
2021-10-26,55.24
2021-10-27,54.5367
2021-10-28,56.0567
2021-10-29,56.54
2021-11-01,56.8867
2021-11-02,56.96
2021-11-03,57.6333
2021-11-04,59.24
2021-11-05,59.7567
2021-11-08,61.0667
2021-11-09,61.16
2021-11-10,58.5467
2021-11-11,59.4467
2021-11-12,60.5367
2021-11-15,60.0167
2021-11-16,61.2567
2021-11-17,60.5667
2021-11-18,61.12
2021-11-19,61.3633
2021-11-22,58.0933
2021-11-23,57.4233
2021-11-24,58.6033
2021-11-26,57.7233
2021-11-29,59.3667
2021-11-30,57.7067
2021-12-01,55.4967
2021-12-02,56.4867
2021-12-03,54.08
2021-12-06,53.2933
2021-12-07,56.5306
2021-12-08,57.82
2021-12-09,55.8367
2021-12-10,55.5833
2021-12-13,54.33
2021-12-14,52.9033
2021-12-15,54.9533
2021-12-16,52.02
2021-12-17,52.8665
2021-12-20,52.3117
2021-12-21,54.5333
2021-12-22,55.2133
2021-12-23,55.6133
2021-12-27,57.1967
2021-12-28,55.8233
2021-12-29,55.9717
2021-12-30,55.7233
2021-12-31,55.3833
2022-01-03,55.5767
2022-01-04,54.64
2022-01-05,51.4633
2022-01-06,52.12
2022-01-07,50.4967
2022-01-10,50.3167
2022-01-11,51.0567
2022-01-12,51.13
2022-01-13,49.6033
2022-01-14,50.3333
2022-01-18,48.1967
2022-01-19,47.2633
2022-01-20,46.12
2022-01-21,44.8667
2022-01-24,45.6233
2022-01-25,43.7267
2022-01-26,43.89
2022-01-27,42.55
2022-01-28,43.9733
2022-01-31,46.4233
2022-02-01,46.8
2022-02-02,47.0467
2022-02-03,45.2267
2022-02-04,46.2133
2022-02-07,46.1967
2022-02-08,47.5583
2022-02-09,48.9433
2022-02-10,47.67
2022-02-11,45.68
2022-02-14,45.4733
2022-02-15,47.7833
2022-02-16,48.0167
2022-02-17,46.0133
2022-02-18,45.2833
2022-02-22,44.5133
2022-02-23,43.26
2022-02-24,45.5567
2022-02-25,46.3033
2022-02-28,46.1267
2022-03-01,44.2433
2022-03-02,46.04
2022-03-03,44.65
2022-03-04,43.1167
2022-03-07,40.9533
2022-03-08,41.7035
2022-03-09,43.33
2022-03-10,42.6576
2022-03-11,41.4933
2022-03-14,40.0033
2022-03-15,41.8683
2022-03-16,44.1933
2022-03-17,44.9267
2022-03-18,46.2267
2022-03-21,45.7217
2022-03-22,46.5917
2022-03-23,45.5
2022-03-24,47.1967
2022-03-25,46.64
2022-03-28,47.0833
2022-03-29,48.4267
2022-03-30,46.7967
2022-03-31,46.0333
2022-04-01,45.01
2022-04-04,46.0583
2022-04-05,43.9833
2022-04-06,43.4267
2022-04-07,43.11
2022-04-08,42.2417
2022-04-11,41.73
2022-04-12,41.7267
2022-04-13,42.5372
2022-04-14,41.6177
2022-04-18,41.8867
2022-04-19,42.7463
2022-04-20,42.48
2022-04-21,41.1867
2022-04-22,40.1167
2022-04-25,40.9267
2022-04-26,39.34
2022-04-27,39.2733
2022-04-28,40.77
2022-04-29,39.3667
2022-05-02,40.29
2022-05-03,40.9267
2022-05-04,42.38
2022-05-05,40.1433
2022-05-06,39.4833
2022-05-09,37.41
2022-05-10,38.02
2022-05-11,36.7567
2022-05-12,36.9467
2022-05-13,38.75
2022-05-16,38.2133
2022-05-17,39.7633
2022-05-18,37.9367
2022-05-19,38.1133
2022-05-20,38.02
2022-05-23,38.2867
2022-05-24,37.1167
2022-05-25,38.0033
2022-05-26,39.6067
2022-05-27,41.2
2022-05-31,40.8333
2022-06-01,40.6
2022-06-02,42.0233
2022-06-03,41.1733
2022-06-06,41.5867
2022-06-07,42.0967
2022-06-08,41.1633
2022-06-09,40.1633
2022-06-10,38.8
2022-06-13,36.6167
2022-06-14,36.9001
2022-06-15,37.6002
2022-06-16,35.2633
2022-06-17,35.85
2022-06-21,36.7567
2022-06-22,36.4144
2022-06-23,36.8252
2022-06-24,38.0698
2022-06-27,38.1633
2022-06-28,36.97
2022-06-29,36.49
2022-06-30,36.15
2022-07-01,35.6133
2022-07-05,35.9942
2022-07-06,36.1367
2022-07-07,37.5333
2022-07-08,37.9233
2022-07-11,37.13
2022-07-12,36.5304
2022-07-13,36.4867
2022-07-14,36.58
2022-07-15,37.4067
2022-07-18,37.18
2022-07-19,38.5473
2022-07-20,39.503
2022-07-21,40.2033
2022-07-22,39.2433
2022-07-25,39.3167
2022-07-26,39.07
2022-07-27,40.7633
2022-07-28,42.26
2022-07-29,42.96
2022-08-01,42.72
2022-08-02,43.14
2022-08-03,43.7833
2022-08-04,43.8233
2022-08-05,43.7667
2022-08-08,43.5633
2022-08-09,42.5433
2022-08-10,44.4733
2022-08-11,43.7627
2022-08-12,45.0333
2022-08-15,45.25
2022-08-16,44.96
2022-08-17,44.4267
2022-08-18,45.2233
2022-08-19,43.9567
2022-08-22,42.7833
2022-08-23,42.8833
2022-08-24,43.2033
2022-08-25,44.1033
2022-08-26,42.1433
2022-08-29,41.5633
2022-08-30,40.82
2022-08-31,40.4967
2022-09-01,39.7767
2022-09-02,39.2767
2022-09-06,38.94
2022-09-07,39.8586
2022-09-08,40.09
2022-09-09,40.7933
2022-09-12,41.2467
2022-09-13,39.3833
2022-09-14,39.6249
2022-09-15,38.8367
2022-09-16,38.6967
2022-09-19,38.83
2022-09-20,38.16
2022-09-21,37.9467
2022-09-22,36.7118
2022-09-23,35.8467
2022-09-26,35.3133
2022-09-27,35.7367
2022-09-28,36.6633
2022-09-29,35.64
2022-09-30,35.43
2022-10-03,36.5833
2022-10-04,37.9558
2022-10-05,37.9232
2022-10-06,37.8987
2022-10-07,36.2651
2022-10-10,35.4819
2022-10-11,34.7422
2022-10-12,34.4233
2022-10-13,35.1033
2022-10-14,33.8233
2022-10-17,35.0533
2022-10-18,35.61
2022-10-19,35.1933
2022-10-20,35.3233
2022-10-21,36.4367
2022-10-24,36.55
2022-10-25,37.77
2022-10-26,37.6133
2022-10-27,37.71
2022-10-28,38.6167
2022-10-31,38.39
2022-11-01,38.2233
2022-11-02,37.16
2022-11-03,36.6367
2022-11-04,36.6397
2022-11-07,36.7
2022-11-08,37.41
2022-11-09,36.65
2022-11-10,39.53
2022-11-11,39.937
2022-11-14,39.7367
2022-11-15,40.81
2022-11-16,39.9033
2022-11-17,39.8933
2022-11-18,40.2033
2022-11-21,39.9133
2022-11-22,40.6133
2022-11-23,41.02
2022-11-25,41.08
2022-11-28,40.0133
2022-11-29,39.7233
2022-11-30,41.5333
2022-12-01,41.2967
2022-12-02,41.2067
2022-12-05,40.32
2022-12-06,39.35
2022-12-07,39.2467
2022-12-08,40.1367
2022-12-09,39.74
2022-12-12,40.4833
2022-12-13,41.1333
2022-12-14,40.99
2022-12-15,39.2481
2022-12-16,38.7633
2022-12-19,38.15
2022-12-20,38.43
2022-12-21,39.1267
2022-12-22,38.1033
2022-12-23,37.9833
2022-12-27,37.4333
2022-12-28,36.7933
2022-12-29,37.8367
2022-12-30,37.7999
2023-01-03,37.57
2023-01-04,37.6536
2023-01-05,36.9619
2023-01-06,38.1733
2023-01-09,38.7533
2023-01-10,38.9352
2023-01-11,39.3867
2023-01-12,39.8333
2023-01-13,40.1096
2023-01-17,40.2467
2023-01-18,39.8767
2023-01-19,38.6667
2023-01-20,39.5733
2023-01-23,40.5914
2023-01-24,40.6
2023-01-25,40.3633
2023-01-26,40.8895
2023-01-27,40.79
2023-01-30,40.03
2023-01-31,40.6763
2023-02-01,41.8767
2023-02-02,42.4502
2023-02-03,41.9067
2023-02-06,41.4649
2023-02-07,42.2349
2023-02-08,41.8346
2023-02-09,41.9369
2023-02-10,41.6167
2023-02-13,42.2026
2023-02-14,42.6467
2023-02-15,43.39
2023-02-16,42.72
2023-02-17,42.24
2023-02-21,41.1333
2023-02-22,41.18
2023-02-23,41.4967
2023-02-24,41.0067
2023-02-27,41.2467
2023-02-28,41.43
2023-03-01,41.4667
2023-03-02,41.2795
2023-03-03,42.069
2023-03-06,42.0863
2023-03-07,41.76
2023-03-08,42.2823
2023-03-09,41.5333
2023-03-10,40.3667
2023-03-13,40.2238
2023-03-14,41.4067
2023-03-15,40.6514
2023-03-16,41.6107
2023-03-17,40.8893
2023-03-20,41.5917
2023-03-21,42.38
2023-03-22,41.78
2023-03-23,42.2667
2023-03-24,41.7533
2023-03-27,41.8733
2023-03-28,41.3667
2023-03-29,42.4
2023-03-30,42.6783
2023-03-31,43.5833
2023-04-03,43.2733
2023-04-04,42.7204
2023-04-05,41.7888
2023-04-06,41.5359
2023-04-10,42.7112
2023-04-11,42.9357
2023-04-12,42.6007
2023-04-13,43.5315
2023-04-14,43.4048
2023-04-17,43.3708
2023-04-18,43.8504
2023-04-19,42.7669
2023-04-20,42.1601
2023-04-21,42.0641
2023-04-24,41.5454
2023-04-25,40.1873
2023-04-26,40.2967
2023-04-27,39.9067
2023-04-28,40.1744
2023-05-01,40.0733
2023-05-02,39.9711
2023-05-03,39.8433
2023-05-04,39.5957
2023-05-05,40.4667
2023-05-08,40.2407
2023-05-09,40.2068
2023-05-10,41.0733
2023-05-11,40.3497
2023-05-12,40.6646
2023-05-15,41.34
2023-05-16,41.4133
2023-05-17,42.2333
2023-05-18,43.17
2023-05-19,43.0
2023-05-22,43.5567
2023-05-23,42.74
2023-05-24,42.2167
2023-05-25,43.9133
2023-05-26,45.5433
2023-05-30,46.1267
2023-05-31,45.7252
2023-06-01,46.2592
2023-06-02,46.3325
2023-06-05,45.99
2023-06-06,46.6137
2023-06-07,46.3767
2023-06-08,46.89
2023-06-09,46.7967
2023-06-12,47.8267
2023-06-13,48.12
2023-06-14,47.9667
2023-06-15,47.5833
2023-06-16,47.26
2023-06-20,47.05
2023-06-21,46.6433
2023-06-22,46.86
2023-06-23,46.2
2023-06-26,45.6733
2023-06-27,47.21
2023-06-28,47.5067
2023-06-29,48.18
2023-06-30,49.0767
2023-07-03,49.22
2023-07-05,49.13
2023-07-06,48.27
2023-07-07,48.3033
2023-07-10,49.2467
2023-07-11,49.31
2023-07-12,49.5833
2023-07-13,51.0467
2023-07-14,50.3733
2023-07-17,51.43
2023-07-18,51.92
2023-07-19,51.41
2023-07-20,49.94
2023-07-21,49.63
2023-07-24,49.56
2023-07-25,50.17
2023-07-26,49.79
2023-07-27,49.74
2023-07-28,50.9
2023-07-31,51.7
2023-08-01,51.1
2023-08-02,49.33
2023-08-03,49.35
2023-08-04,48.59
2023-08-07,48.6224
2023-08-08,48.0395
2023-08-09,46.296
2023-08-10,46.675
2023-08-11,46.44
2023-08-14,47.17
2023-08-15,46.67
2023-08-16,45.78
2023-08-17,44.6
2023-08-18,44.85
2023-08-21,45.75
2023-08-22,45.82
2023-08-23,47.18
2023-08-24,45.68
2023-08-25,45.8
2023-08-28,46.13
2023-08-29,47.91
2023-08-30,48.63
2023-08-31,48.77
2023-09-01,49.04
2023-09-05,49.03
2023-09-06,48.62
2023-09-07,47.56
2023-09-08,47.27
2023-09-11,47.4443
2023-09-12,46.53
2023-09-13,46.5
2023-09-14,46.88
2023-09-15,45.51
2023-09-18,45.71
2023-09-19,45.21
2023-09-20,44.36
2023-09-21,43.0
2023-09-22,43.33
2023-09-25,43.49
2023-09-26,42.72
2023-09-27,43.38
2023-09-28,44.15
2023-09-29,44.17
2023-10-02,43.95
2023-10-03,42.72
2023-10-04,43.47
2023-10-05,43.16
2023-10-06,44.27
2023-10-09,44.6
2023-10-10,44.88
2023-10-11,45.19
2023-10-12,44.52
2023-10-13,43.55
2023-10-16,44.33
2023-10-17,44.31
2023-10-18,43.64
2023-10-19,42.95
2023-10-20,41.93
2023-10-23,41.9539
2023-10-24,42.57
2023-10-25,41.08
2023-10-26,40.58
2023-10-27,40.75
2023-10-30,40.47
2023-10-31,41.14
2023-11-01,41.5357
2023-11-02,42.64
2023-11-03,43.93
2023-11-06,43.5692
2023-11-07,44.34
2023-11-08,44.25
2023-11-09,43.65
2023-11-10,44.75
2023-11-13,44.81
2023-11-14,46.63
2023-11-15,46.26
2023-11-16,45.77
2023-11-17,46.27
2023-11-20,46.9
2023-11-21,46.34
2023-11-22,46.6
2023-11-24,46.745
2023-11-27,46.97
2023-11-28,47.12
2023-11-29,47.76
2023-11-30,47.5
2023-12-01,48.68
2023-12-04,48.32
2023-12-05,48.3
2023-12-06,47.71
2023-12-07,47.89
2023-12-08,48.51
2023-12-11,48.79
2023-12-12,48.95
2023-12-13,50.06
2023-12-14,50.38
2023-12-15,50.33
2023-12-18,50.53
2023-12-19,51.5
2023-12-20,50.09
2023-12-21,51.03
2023-12-22,50.93
2023-12-26,51.35
2023-12-27,51.27
2023-12-28,51.12
2023-12-29,50.51
2024-01-02,48.99
2024-01-03,47.74
2024-01-04,47.51
2024-01-05,47.14
2024-01-08,48.7643
2024-01-09,48.84
2024-01-10,49.06
2024-01-11,48.88
2024-01-12,48.5571
2024-01-16,48.64
2024-01-17,48.44
2024-01-18,49.05
2024-01-19,50.32
2024-01-22,51.5
2024-01-23,51.25
2024-01-24,50.89
2024-01-25,50.83
2024-01-26,50.62
2024-01-29,51.95
2024-01-30,51.57
2024-01-31,50.1
2024-02-01,50.75
2024-02-02,51.59
2024-02-05,51.486
2024-02-06,51.49
2024-02-07,51.92
2024-02-08,53.3416
2024-02-09,55.25
2024-02-12,55.3
2024-02-13,53.42
2024-02-14,55.11
2024-02-15,55.11
2024-02-16,54.18
2024-02-20,52.87
2024-02-21,51.36
2024-02-22,53.72
2024-02-23,53.34
2024-02-26,54.8
2024-02-27,55.22
2024-02-28,54.67
2024-02-29,55.48
2024-03-01,56.88
2024-03-04,57.08
2024-03-05,54.49
2024-03-06,55.96
2024-03-07,57.04
2024-03-08,56.87
2024-03-11,55.93
2024-03-12,56.93
2024-03-13,56.83
2024-03-14,55.51
2024-03-15,55.48
2024-03-18,55.27
2024-03-19,55.07
2024-03-20,57.11
2024-03-21,58.02
2024-03-22,57.43
2024-03-25,58.59
2024-03-26,58.46
2024-03-27,58.31
2024-03-28,57.38
2024-04-01,57.43
2024-04-02,56.66
2024-04-03,57.15
2024-04-04,56.14
2024-04-05,57.17
2024-04-08,57.3
2024-04-09,56.88
2024-04-10,56.17
2024-04-11,57.37
2024-04-12,55.57
2024-04-15,54.1
2024-04-16,54.58
2024-04-17,53.3
2024-04-18,52.79
2024-04-19,51.12
2024-04-22,51.94
2024-04-23,53.39
2024-04-24,53.16
2024-04-25,53.97
2024-04-26,55.03
2024-04-29,55.46
2024-04-30,53.81
2024-05-01,53.27
2024-05-02,54.57
2024-05-03,55.42
2024-05-06,57.13
2024-05-07,56.49
2024-05-08,56.37
2024-05-09,56.47
2024-05-10,57.24
2024-05-13,57.09
2024-05-14,57.58
2024-05-15,59.63
2024-05-16,59.16
2024-05-17,59.31
2024-05-20,60.18
2024-05-21,59.678
2024-05-22,59.58
2024-05-23,59.25
2024-05-24,60.22
2024-05-28,60.6
2024-05-29,60.42
2024-05-30,58.83
2024-05-31,57.58
2024-06-03,57.23
2024-06-04,57.45
2024-06-05,59.32
2024-06-06,58.77
2024-06-07,58.21
2024-06-10,59.05
2024-06-11,59.13
2024-06-12,60.32
2024-06-13,60.58
2024-06-14,60.78
2024-06-17,61.73
2024-06-18,62.36
2024-06-20,61.22
2024-06-21,60.7
2024-06-24,59.75
2024-06-25,60.76
2024-06-26,60.74
2024-06-27,61.7
2024-06-28,61.94
2024-07-01,62.23
2024-07-02,62.5
2024-07-03,63.37
2024-07-05,63.96
2024-07-08,64.28
2024-07-09,64.04
2024-07-10,64.41
2024-07-11,63.36
2024-07-12,64.32
2024-07-15,65.0
2024-07-16,65.67
2024-07-17,61.71
2024-07-18,60.79
2024-07-19,60.04
2024-07-22,61.87
2024-07-23,61.93
2024-07-24,58.65
2024-07-25,58.2
2024-07-26,59.25
2024-07-29,58.82
2024-07-30,56.74
2024-07-31,60.07
2024-08-01,57.46
2024-08-02,54.23
2024-08-05,53.63
2024-08-06,54.75
2024-08-07,53.62
2024-08-08,57.16
2024-08-09,57.27
2024-08-12,56.79
2024-08-13,58.41
2024-08-14,58.71
2024-08-15,62.81
2024-08-16,62.73
2024-08-19,65.23
2024-08-20,63.93
2024-08-21,65.46
2024-08-22,63.7
2024-08-23,64.5
2024-08-26,63.57
2024-08-27,63.16
2024-08-28,61.52
2024-08-29,61.75
2024-08-30,62.48
2024-09-03,59.08
2024-09-04,59.91
2024-09-05,58.55
2024-09-06,56.15
2024-09-09,56.87
2024-09-10,57.41
2024-09-11,59.63
2024-09-12,59.69
2024-09-13,61.32
2024-09-16,60.72
2024-09-17,60.68
2024-09-18,60.49
2024-09-19,62.72
2024-09-20,62.26
2024-09-23,62.7675
2024-09-24,63.14
2024-09-25,62.69
2024-09-26,63.86
2024-09-27,63.565
2024-09-30,63.43
2024-10-01,62.32
2024-10-02,62.85
2024-10-03,63.1
2024-10-04,64.17
2024-10-07,63.7
2024-10-08,64.89
2024-10-09,65.88
2024-10-10,65.84
2024-10-11,66.74
2024-10-14,67.06
2024-10-15,66.17
2024-10-16,66.42
2024-10-17,66.25
2024-10-18,66.05
2024-10-21,66.42
2024-10-22,65.87
2024-10-23,65.31
2024-10-24,65.4
2024-10-25,65.645
2024-10-28,66.13
2024-10-29,67.4
2024-10-30,66.82
2024-10-31,64.24
2024-11-01,64.42
2024-11-04,63.93
2024-11-05,65.44
2024-11-06,68.32
2024-11-07,71.92
2024-11-08,74.39
2024-11-11,73.96
2024-11-12,72.89
2024-11-13,71.37
2024-11-14,70.68
2024-11-15,69.67
2024-11-18,70.32
2024-11-19,72.4
2024-11-20,73.48
2024-11-21,74.1
2024-11-22,75.86
2024-11-25,75.73
2024-11-26,76.13
2024-11-27,75.38
2024-11-29,76.33
2024-12-02,76.78
2024-12-03,78.43
2024-12-04,79.9
2024-12-05,79.02
2024-12-06,80.47
2024-12-09,76.84
2024-12-10,74.95
2024-12-11,76.53
2024-12-12,76.17
2024-12-13,76.1
2024-12-16,77.245
2024-12-17,76.12
2024-12-18,73.17
2024-12-19,73.33
2024-12-20,75.24
2024-12-23,75.08
2024-12-24,75.83
2024-12-26,76.28
2024-12-27,74.46
2024-12-30,73.19
2024-12-31,72.56
2025-01-02,75.08
2025-01-03,76.48
2025-01-06,77.14
2025-01-07,74.68
2025-01-08,69.33
2025-01-10,67.61
2025-01-13,65.42
2025-01-14,67.19
2025-01-15,70.97
2025-01-16,71.0
2025-01-17,70.77
2025-01-21,74.06
2025-01-22,74.34
2025-01-23,74.26
2025-01-24,73.5
2025-01-27,68.91
2025-01-28,71.46
2025-01-29,71.18
2025-01-30,71.79
2025-01-31,72.27
2025-02-03,71.78
2025-02-04,73.86
2025-02-05,75.01
2025-02-06,75.33
2025-02-07,74.14
2025-02-10,73.96
2025-02-11,72.05
2025-02-12,72.4
2025-02-13,74.07
2025-02-14,73.17
2025-02-18,73.08
2025-02-19,72.1
2025-02-20,71.27
2025-02-21,68.38
2025-02-24,66.29
2025-02-25,64.69
2025-02-26,66.95
2025-02-27,64.08
2025-02-28,65.74
2025-03-03,63.07
2025-03-04,62.73
2025-03-05,63.48
2025-03-06,60.6
2025-03-07,61.41
2025-03-10,56.97
2025-03-11,57.675
2025-03-12,59.87
2025-03-13,58.235
2025-03-14,61.99
2025-03-17,62.56
2025-03-18,61.09
2025-03-19,62.41
2025-03-20,61.71
2025-03-21,62.17
2025-03-24,64.35
2025-03-25,65.01
2025-03-26,62.74
2025-03-27,61.31
2025-03-28,59.57
2025-03-31,58.96
2025-04-01,59.46
2025-04-02,60.14
2025-04-03,56.09
2025-04-04,52.51
2025-04-07,52.58
2025-04-08,51.29
2025-04-09,57.01
2025-04-10,54.78
2025-04-11,55.36
2025-04-14,55.95
2025-04-15,56.31
2025-04-16,55.09
2025-04-17,54.96
2025-04-21,52.98
2025-04-22,54.21
2025-04-23,55.84
2025-04-24,57.66
2025-04-25,57.87
2025-04-28,58.14
2025-04-29,58.95
2025-04-30,58.82
2025-05-01,59.4
2025-05-02,60.34
2025-05-05,60.04
2025-05-06,59.99
2025-05-07,61.465
2025-05-08,61.49
2025-05-09,61.64
2025-05-12,63.71
2025-05-13,64.64
2025-05-14,64.81
2025-05-15,64.59
2025-05-16,65.13
2025-05-19,64.89
2025-05-20,64.64
2025-05-21,63.26
2025-05-22,63.41
2025-05-23,63.17
2025-05-27,64.18
2025-05-28,63.84
2025-05-29,63.43
2025-05-30,63.94
2025-06-02,64.69
2025-06-03,64.97
2025-06-04,65.43
2025-06-05,65.7
2025-06-06,66.81
2025-06-09,66.81
2025-06-10,66.47
2025-06-11,66.34
2025-06-12,66.21
2025-06-13,65.04
2025-06-16,66.22
2025-06-17,65.67
2025-06-18,65.63
2025-06-20,65.12
2025-06-23,66.09
2025-06-24,67.15
2025-06-25,67.0
2025-06-26,67.8
2025-06-27,67.74
2025-06-30,68.29
2025-07-01,66.13
2025-07-02,67.0
2025-07-03,68.28
2025-07-07,68.03
2025-07-08,67.84
2025-07-09,68.21
2025-07-10,66.965
2025-07-11,65.69
2025-07-14,66.96
2025-07-15,67.6665
2025-07-16,68.1457
2025-07-17,69.5207
2025-07-18,70.1353
2025-07-21,70.0188
2025-07-22,68.7054
2025-07-23,69.5473
2025-07-24,69.7528
2025-07-25,69.6356
2025-07-28,70.15
2025-07-29,69.6941
2025-07-30,70.2054
2025-07-31,70.219
2025-08-01,68.2492
2025-08-04,70.2651
2025-08-05,69.3629
2025-08-06,69.0315
2025-08-07,67.5437
2025-08-08,67.3706
2025-08-11,67.3088
2025-08-12,69.11
2025-08-13,69.522
2025-08-14,68.6502
2025-08-15,68.0467
2025-08-18,68.2458
2025-08-19,66.0891
2025-08-20,66.1179
2025-08-21,65.7463
2025-08-22,67.4644
2025-08-25,67.2674
2025-08-26,67.7347
2025-08-27,67.9662
2025-08-28,69.2925
2025-08-29,67.8635
2025-09-02,67.2399
2025-09-03,67.0835
2025-09-04,67.3223
2025-09-05,68.7124
2025-09-08,69.9812
2025-09-09,70.6695
2025-09-10,71.1344
2025-09-11,72.25
2025-09-12,72.1366
2025-09-15,73.3436
2025-09-16,72.9464
2025-09-17,72.8666
2025-09-18,75.41
2025-09-19,76.76
2025-09-22,76.8393
2025-09-23,76.5702
2025-09-24,74.8417
2025-09-25,74.23
2025-09-26,74.3091
2025-09-29,74.7256
2025-09-30,74.8157
2025-10-01,75.731
2025-10-02,78.1351
2025-10-03,78.7336
2025-10-06,80.4401
2025-10-07,79.1335
2025-10-08,80.6374
2025-10-09,80.8915
2025-10-10,76.2778
2025-10-13,81.4196
2025-10-14,80.8979
2025-10-15,81.65
2025-10-16,79.0142
2025-10-17,77.76
2025-10-20,78.9949
2025-10-21,77.2354
2025-10-22,74.4433
2025-10-23,77.7809
2025-10-24,80.5042
2025-10-27,81.7859
2025-10-28,81.1412
2025-10-29,82.8499
2025-10-30,80.6759
2025-10-31,82.2657
2025-11-03,82.1693
2025-11-04,78.275
2025-11-05,81.3818
2025-11-06,77.8881
2025-11-07,78.81
2025-11-10,81.4258
2025-11-11,79.37
2025-11-12,78.8947
2025-11-13,74.1318
2025-11-14,73.9447
2025-11-17,72.6623
2025-11-18,72.7262
2025-11-19,72.9555
2025-11-20,67.9428
2025-11-21,68.71
2025-11-24,75.0913
2025-11-25,75.9025
2025-11-26,77.455
2025-11-28,78.8019
2025-12-01,76.64
2025-12-02,76.56
2025-12-03,77.6454
2025-12-04,80.3929
2025-12-05,80.4827
2025-12-08,81.5406
2025-12-09,82.3029
2025-12-10,82.3622
2025-12-11,83.2039
2025-12-12,77.846
2025-12-15,75.2562
2025-12-16,75.6756
2025-12-17,72.6953
2025-12-18,74.6579
2025-12-19,78.1575
2025-12-22,79.22
2025-12-23,78.9133
2025-12-24,79.1347
2025-12-26,78.0978
2025-12-29,77.1763
2025-12-30,76.9406
2025-12-31,76.4865
2026-01-02,79.0138
2026-01-05,79.46
2026-01-06,82.0518
2026-01-07,80.9217
2026-01-08,79.4559
2026-01-09,81.4352
2026-01-12,82.3485
2026-01-13,83.6368
2026-01-14,82.5695
2026-01-15,83.5787
2026-01-16,83.5102
2026-01-20,83.2342
2026-01-21,84.5457
2026-01-22,84.3814
2026-01-23,82.9084
2026-01-26,83.1391
2026-01-27,85.9729
2026-01-28,87.9618
2026-01-29,87.9415
2026-01-30,84.7413
